order_id,order_date,customer_id,product_id,warehouse_id,order_qty,unit_price,discount_pct,shipping_cost,status,gross_revenue,gross_margin
1,2024-11-01,159,4,7,8,545.00,0.16,33.71,Shipped,3662.40,1243.20
2,2024-08-07,79,10,1,2,780.00,0.17,27.17,Shipped,1294.80,464.80
3,2024-12-04,21,3,4,3,430.00,0.10,23.43,Shipped,1161.00,405.00
4,2024-12-18,153,8,5,1,24.00,0.04,63.61,Delivered,23.04,11.52
5,2024-08-20,19,11,4,5,2450.00,0.14,57.63,Pending,10535.00,3010.00
6,2024-04-11,109,2,4,3,189.00,0.16,72.34,Shipped,476.28,168.84
7,2024-03-25,79,10,5,8,780.00,0.02,62.27,Pending,6115.20,2195.20
8,2024-05-19,129,9,8,8,18.00,0.01,14.91,Shipped,142.56,71.28
9,2024-06-14,155,5,1,2,410.00,0.04,61.22,Delivered,787.20,288.00
10,2024-10-27,6,11,5,1,2450.00,0.14,24.79,Shipped,2107.00,602.00
11,2024-08-14,72,3,7,8,430.00,0.17,46.31,Shipped,2855.20,996.00
12,2024-06-13,172,2,3,6,189.00,0.07,48.17,Pending,1054.62,373.86
13,2024-07-24,195,9,1,8,18.00,0.02,30.43,Shipped,141.12,70.56
14,2024-07-25,132,1,8,7,1299.00,0.01,49.85,Pending,9002.07,2557.17
15,2024-09-12,161,8,1,4,24.00,0.05,21.56,Shipped,91.20,45.60
16,2024-12-23,125,2,1,4,189.00,0.13,34.68,Shipped,657.72,233.16
17,2024-07-27,24,4,2,8,545.00,0.17,59.28,Shipped,3618.80,1228.40
18,2024-05-29,131,12,5,7,16.00,0.15,83.56,Shipped,95.20,44.62
19,2024-10-09,38,7,4,3,640.00,0.16,32.17,Delivered,1612.80,642.60
20,2024-07-31,88,9,5,1,18.00,0.05,33.79,Shipped,17.10,8.55
21,2024-12-03,126,3,8,8,430.00,0.06,52.29,Shipped,3233.60,1128.00
22,2024-08-21,83,4,4,7,545.00,0.04,68.61,Shipped,3662.40,1243.20
23,2024-08-30,181,7,7,3,640.00,0.09,14.70,Shipped,1747.20,696.15
24,2024-10-29,85,2,8,2,189.00,0.09,45.36,Delivered,343.98,121.94
25,2024-07-28,168,3,2,8,430.00,0.14,31.35,Pending,2958.40,1032.00
26,2024-07-22,167,2,6,7,189.00,0.17,57.76,Delivered,1098.09,389.27
27,2024-09-06,139,1,2,4,1299.00,0.11,79.23,Cancelled,4624.44,1313.64
28,2024-02-16,112,2,2,8,189.00,0.03,33.86,Shipped,1466.64,519.92
29,2024-06-15,15,5,6,6,410.00,0.08,29.83,Shipped,2263.20,828.00
30,2024-12-15,47,3,3,2,430.00,0.11,39.93,Pending,765.40,267.00
31,2024-09-11,150,3,4,8,430.00,0.11,45.55,Pending,3061.60,1068.00
32,2024-08-26,74,11,3,2,2450.00,0.08,37.23,Shipped,4508.00,1288.00
33,2024-11-23,109,12,5,8,16.00,0.15,26.54,Shipped,108.80,51.00
34,2024-09-04,28,4,7,6,545.00,0.10,84.47,Shipped,2943.00,999.00
35,2024-12-03,102,5,1,1,410.00,0.16,66.40,Delivered,344.40,126.00
36,2024-05-26,199,4,6,4,545.00,0.11,57.33,Pending,1940.20,658.60
37,2024-12-03,175,3,2,1,430.00,0.06,44.18,Shipped,404.20,141.00
38,2024-03-08,24,5,6,7,410.00,0.03,21.65,Shipped,2783.90,1018.50
39,2024-07-06,136,9,5,3,18.00,0.05,72.20,Shipped,51.30,25.65
40,2024-05-31,192,6,2,8,890.00,0.17,22.28,Cancelled,5909.60,1859.20
41,2024-12-12,186,11,7,6,2450.00,0.02,40.80,Shipped,14406.00,4116.00
42,2024-03-04,117,6,5,7,890.00,0.15,80.64,Shipped,5295.50,1666.00
43,2024-04-29,121,1,6,4,1299.00,0.12,58.38,Shipped,4572.48,1298.88
44,2024-12-24,78,11,7,2,2450.00,0.03,81.08,Shipped,4753.00,1358.00
45,2024-09-09,30,2,4,3,189.00,0.07,39.08,Delivered,527.31,186.93
46,2024-12-22,139,7,3,7,640.00,0.12,72.86,Pending,3942.40,1570.80
47,2024-05-23,9,12,6,4,16.00,0.08,81.39,Delivered,58.88,27.60
48,2024-02-20,176,6,6,1,890.00,0.07,25.86,Shipped,827.70,260.40
49,2024-08-20,24,11,4,1,2450.00,0.01,36.35,Cancelled,2425.50,693.00
50,2024-10-16,53,2,4,4,189.00,0.15,29.01,Delivered,642.60,227.80
51,2024-11-01,1,5,3,3,410.00,0.10,70.29,Shipped,1107.00,405.00
52,2024-01-14,34,1,6,4,1299.00,0.11,13.15,Shipped,4624.44,1313.64
53,2024-03-05,190,7,2,2,640.00,0.09,68.80,Shipped,1164.80,464.10
54,2024-02-25,116,9,4,1,18.00,0.13,78.34,Pending,15.66,7.83
55,2024-06-03,118,11,1,1,2450.00,0.18,73.85,Shipped,2009.00,574.00
56,2024-02-25,126,12,8,2,16.00,0.16,35.51,Shipped,26.88,12.60
57,2024-03-05,71,10,6,7,780.00,0.18,50.73,Shipped,4477.20,1607.20
58,2024-11-05,111,2,2,4,189.00,0.08,76.83,Shipped,695.52,246.56
59,2024-08-20,103,7,2,6,640.00,0.08,60.55,Shipped,3532.80,1407.60
60,2024-03-19,176,8,2,2,24.00,0.15,18.81,Shipped,40.80,20.40
61,2024-07-09,34,9,1,6,18.00,0.12,41.99,Delivered,95.04,47.52
62,2024-08-04,185,1,5,5,1299.00,0.06,54.19,Shipped,6105.30,1734.30
63,2024-12-02,124,4,2,6,545.00,0.15,38.83,Delivered,2779.50,943.50
64,2024-10-20,58,7,1,5,640.00,0.01,31.95,Delivered,3168.00,1262.25
65,2024-06-22,90,1,3,3,1299.00,0.10,41.26,Shipped,3507.30,996.30
66,2024-11-20,8,2,4,7,189.00,0.08,36.89,Shipped,1217.16,431.48
67,2024-06-15,199,10,2,1,780.00,0.03,67.07,Shipped,756.60,271.60
68,2024-02-11,70,8,7,8,24.00,0.11,42.24,Shipped,170.88,85.44
69,2024-09-19,30,6,7,2,890.00,0.05,61.53,Shipped,1691.00,532.00
70,2024-12-07,79,1,4,7,1299.00,0.18,16.00,Shipped,7456.26,2118.06
71,2024-04-18,197,3,5,5,430.00,0.06,12.56,Delivered,2021.00,705.00
72,2024-03-30,34,7,4,6,640.00,0.01,74.91,Shipped,3801.60,1514.70
73,2024-01-10,118,2,6,7,189.00,0.10,63.79,Shipped,1190.70,422.10
74,2024-02-28,104,1,6,3,1299.00,0.14,57.12,Delivered,3351.42,952.02
75,2024-07-04,23,7,2,4,640.00,0.08,41.23,Shipped,2355.20,938.40
76,2024-06-07,191,6,4,6,890.00,0.14,17.58,Pending,4592.40,1444.80
77,2024-09-28,131,4,6,6,545.00,0.13,71.78,Delivered,2844.90,965.70
78,2024-04-30,27,3,5,4,430.00,0.03,23.16,Delivered,1668.40,582.00
79,2024-02-08,46,11,8,8,2450.00,0.14,67.47,Shipped,16856.00,4816.00
80,2024-10-16,165,11,6,6,2450.00,0.03,16.98,Shipped,14259.00,4074.00
81,2024-06-04,71,10,1,6,780.00,0.09,34.66,Shipped,4258.80,1528.80
82,2024-01-30,95,5,2,2,410.00,0.11,49.02,Shipped,729.80,267.00
83,2024-10-10,190,1,8,4,1299.00,0.06,46.72,Shipped,4884.24,1387.44
84,2024-02-01,116,2,6,2,189.00,0.09,24.60,Shipped,343.98,121.94
85,2024-08-12,113,9,3,6,18.00,0.07,32.65,Shipped,100.44,50.22
86,2024-06-22,174,10,1,6,780.00,0.01,18.90,Pending,4633.20,1663.20
87,2024-05-25,65,12,3,6,16.00,0.01,60.44,Delivered,95.04,44.55
88,2024-06-07,168,12,7,3,16.00,0.11,80.47,Shipped,42.72,20.02
89,2024-07-11,165,6,3,2,890.00,0.12,42.91,Shipped,1566.40,492.80
90,2024-07-04,80,3,4,6,430.00,0.17,47.50,Shipped,2141.40,747.00
91,2024-03-11,40,2,5,2,189.00,0.09,51.40,Delivered,343.98,121.94
92,2024-09-26,10,11,6,3,2450.00,0.11,23.26,Shipped,6541.50,1869.00
93,2024-12-20,198,10,3,8,780.00,0.01,38.59,Delivered,6177.60,2217.60
94,2024-08-15,157,5,8,4,410.00,0.10,34.59,Delivered,1476.00,540.00
95,2024-08-28,50,6,8,8,890.00,0.14,68.80,Shipped,6123.20,1926.40
96,2024-08-02,42,4,3,5,545.00,0.01,47.08,Shipped,2697.75,915.75
97,2024-02-22,183,9,2,5,18.00,0.02,23.70,Shipped,88.20,44.10
98,2024-09-19,38,7,2,4,640.00,0.15,76.58,Delivered,2176.00,867.00
99,2024-07-31,14,7,6,4,640.00,0.07,17.96,Shipped,2380.80,948.60
100,2024-06-12,26,12,6,3,16.00,0.02,32.94,Delivered,47.04,22.05
101,2024-12-22,36,12,8,8,16.00,0.11,78.13,Shipped,113.92,53.40
102,2024-04-20,39,9,7,2,18.00,0.14,29.35,Shipped,30.96,15.48
103,2024-05-02,108,11,8,2,2450.00,0.02,78.08,Shipped,4802.00,1372.00
104,2024-01-09,162,9,4,3,18.00,0.05,12.11,Shipped,51.30,25.65
105,2024-10-19,107,3,2,6,430.00,0.01,50.40,Shipped,2554.20,891.00
106,2024-09-16,142,1,7,8,1299.00,0.01,40.24,Shipped,10288.08,2922.48
107,2024-01-09,92,2,6,4,189.00,0.13,57.86,Delivered,657.72,233.16
108,2024-06-19,35,1,6,6,1299.00,0.15,24.78,Delivered,6624.90,1881.90
109,2024-08-25,179,8,3,3,24.00,0.01,68.66,Shipped,71.28,35.64
110,2024-05-30,52,1,4,1,1299.00,0.06,34.64,Shipped,1221.06,346.86
111,2024-10-05,122,5,1,4,410.00,0.05,74.94,Shipped,1558.00,570.00
112,2024-12-01,85,5,2,6,410.00,0.08,41.20,Shipped,2263.20,828.00
113,2024-07-16,87,3,8,8,430.00,0.07,70.20,Shipped,3199.20,1116.00
114,2024-02-12,187,7,2,7,640.00,0.11,72.03,Shipped,3987.20,1588.65
115,2024-06-13,27,2,6,5,189.00,0.06,55.99,Shipped,888.30,314.90
116,2024-12-19,114,6,8,1,890.00,0.13,78.55,Pending,774.30,243.60
117,2024-08-10,71,11,1,2,2450.00,0.12,41.65,Shipped,4312.00,1232.00
118,2024-12-13,41,1,3,8,1299.00,0.01,16.91,Delivered,10288.08,2922.48
119,2024-07-06,93,7,1,3,640.00,0.12,81.26,Shipped,1689.60,673.20
120,2024-02-09,147,3,6,7,430.00,0.06,32.34,Cancelled,2829.40,987.00
121,2024-01-14,189,3,8,7,430.00,0.16,20.60,Delivered,2528.40,882.00
122,2024-12-26,115,4,5,8,545.00,0.04,21.91,Shipped,4185.60,1420.80
123,2024-03-29,183,8,2,6,24.00,0.12,63.80,Shipped,126.72,63.36
124,2024-05-28,77,3,3,6,430.00,0.09,20.86,Shipped,2347.80,819.00
125,2024-03-12,61,8,1,6,24.00,0.10,38.93,Delivered,129.60,64.80
126,2024-10-09,34,10,2,2,780.00,0.06,84.97,Delivered,1466.40,526.40
127,2024-09-26,106,7,2,3,640.00,0.18,58.89,Shipped,1574.40,627.30
128,2024-12-14,133,6,3,3,890.00,0.14,21.42,Shipped,2296.20,722.40
129,2024-01-29,32,9,3,5,18.00,0.03,35.55,Delivered,87.30,43.65
130,2024-06-26,133,5,2,5,410.00,0.04,81.81,Shipped,1968.00,720.00
131,2024-11-16,78,10,2,3,780.00,0.11,54.39,Shipped,2082.60,747.60
132,2024-11-15,185,10,6,1,780.00,0.15,14.07,Shipped,663.00,238.00
133,2024-11-24,198,10,5,4,780.00,0.14,42.41,Pending,2683.20,963.20
134,2024-09-11,161,9,5,5,18.00,0.09,70.74,Pending,81.90,40.95
135,2024-06-01,117,2,1,3,189.00,0.08,47.35,Shipped,521.64,184.92
136,2024-11-06,37,6,6,6,890.00,0.18,21.55,Shipped,4378.80,1377.60
137,2024-10-14,28,6,4,8,890.00,0.02,44.82,Shipped,6977.60,2195.20
138,2024-01-26,75,7,7,4,640.00,0.17,77.87,Delivered,2124.80,846.60
139,2024-10-22,185,6,4,3,890.00,0.09,49.57,Shipped,2429.70,764.40
140,2024-06-06,128,1,2,7,1299.00,0.09,82.57,Shipped,8274.63,2350.53
141,2024-06-29,13,1,5,8,1299.00,0.11,73.53,Pending,9248.88,2627.28
142,2024-05-26,138,1,2,7,1299.00,0.02,31.31,Shipped,8911.14,2531.34
143,2024-07-25,94,1,7,1,1299.00,0.10,26.21,Shipped,1169.10,332.10
144,2024-02-07,99,9,8,5,18.00,0.15,57.50,Pending,76.50,38.25
145,2024-03-06,25,7,6,6,640.00,0.10,38.69,Shipped,3456.00,1377.00
146,2024-11-04,131,7,1,1,640.00,0.01,64.09,Delivered,633.60,252.45
147,2024-09-22,117,3,3,6,430.00,0.17,35.25,Shipped,2141.40,747.00
148,2024-11-11,190,5,6,8,410.00,0.13,33.88,Delivered,2853.60,1044.00
149,2024-07-07,85,11,2,7,2450.00,0.11,70.16,Delivered,15263.50,4361.00
150,2024-12-18,162,1,8,5,1299.00,0.17,69.15,Delivered,5390.85,1531.35
151,2024-10-22,59,12,1,8,16.00,0.03,57.92,Pending,124.16,58.20
152,2024-07-13,38,11,4,1,2450.00,0.10,63.14,Shipped,2205.00,630.00
153,2024-08-13,81,7,3,7,640.00,0.12,41.96,Delivered,3942.40,1570.80
154,2024-08-29,189,12,1,3,16.00,0.09,52.94,Cancelled,43.68,20.48
155,2024-09-01,135,7,6,3,640.00,0.08,50.92,Shipped,1766.40,703.80
156,2024-12-12,198,12,5,8,16.00,0.03,30.00,Shipped,124.16,58.20
157,2024-04-25,77,5,4,8,410.00,0.06,37.46,Delivered,3083.20,1128.00
158,2024-05-20,74,2,7,7,189.00,0.15,81.69,Delivered,1124.55,398.65
159,2024-05-28,11,5,2,6,410.00,0.17,59.89,Delivered,2041.80,747.00
160,2024-04-19,52,9,5,5,18.00,0.02,56.94,Shipped,88.20,44.10
161,2024-05-04,13,11,4,4,2450.00,0.01,42.17,Delivered,9702.00,2772.00
162,2024-02-21,175,3,1,3,430.00,0.07,80.26,Delivered,1199.70,418.50
163,2024-09-01,167,4,5,6,545.00,0.05,16.32,Delivered,3106.50,1054.50
164,2024-11-29,147,4,1,3,545.00,0.08,73.15,Delivered,1504.20,510.60
165,2024-01-19,102,8,3,5,24.00,0.16,12.68,Shipped,100.80,50.40
166,2024-02-24,86,5,8,8,410.00,0.16,21.80,Shipped,2755.20,1008.00
167,2024-05-19,50,2,6,3,189.00,0.13,59.32,Delivered,493.29,174.87
168,2024-01-08,189,6,5,4,890.00,0.03,74.50,Delivered,3453.20,1086.40
169,2024-08-06,132,6,2,7,890.00,0.12,25.49,Shipped,5482.40,1724.80
170,2024-06-14,64,1,5,7,1299.00,0.04,67.02,Cancelled,8729.28,2479.68
171,2024-06-03,150,12,1,5,16.00,0.12,62.57,Shipped,70.40,33.00
172,2024-03-01,120,5,3,7,410.00,0.12,79.39,Delivered,2525.60,924.00
173,2024-06-08,177,2,5,6,189.00,0.11,28.00,Shipped,1009.26,357.78
174,2024-03-19,117,12,6,7,16.00,0.13,78.63,Delivered,97.44,45.67
175,2024-12-06,56,4,2,8,545.00,0.10,38.41,Delivered,3924.00,1332.00
176,2024-02-27,16,9,4,3,18.00,0.03,74.38,Shipped,52.38,26.19
177,2024-12-14,53,12,8,2,16.00,0.16,44.52,Shipped,26.88,12.60
178,2024-03-08,132,7,8,1,640.00,0.10,61.11,Shipped,576.00,229.50
179,2024-01-12,102,5,1,4,410.00,0.10,15.31,Shipped,1476.00,540.00
180,2024-02-02,139,1,2,8,1299.00,0.01,41.85,Delivered,10288.08,2922.48
181,2024-11-24,187,11,7,6,2450.00,0.18,39.92,Delivered,12054.00,3444.00
182,2024-07-12,97,2,3,6,189.00,0.02,84.48,Shipped,1111.32,393.96
183,2024-03-06,187,4,1,1,545.00,0.18,45.80,Delivered,446.90,151.70
184,2024-08-05,137,7,4,4,640.00,0.08,23.32,Shipped,2355.20,938.40
185,2024-02-27,9,11,7,1,2450.00,0.04,16.91,Shipped,2352.00,672.00
186,2024-08-16,154,11,1,4,2450.00,0.13,41.37,Shipped,8526.00,2436.00
187,2024-04-21,194,1,3,5,1299.00,0.04,78.90,Shipped,6235.20,1771.20
188,2024-10-22,154,11,6,4,2450.00,0.05,22.46,Pending,9310.00,2660.00
189,2024-04-23,106,5,5,1,410.00,0.10,55.19,Delivered,369.00,135.00
190,2024-03-30,161,11,7,8,2450.00,0.01,37.14,Pending,19404.00,5544.00
191,2024-07-14,135,6,7,7,890.00,0.03,39.48,Delivered,6043.10,1901.20
192,2024-08-30,62,4,5,3,545.00,0.15,78.78,Shipped,1389.75,471.75
193,2024-08-01,143,9,3,7,18.00,0.04,26.84,Pending,120.96,60.48
194,2024-08-18,95,2,4,1,189.00,0.05,61.18,Pending,179.55,63.65
195,2024-02-07,49,10,4,8,780.00,0.04,78.21,Shipped,5990.40,2150.40
196,2024-01-08,55,4,2,8,545.00,0.16,62.78,Delivered,3662.40,1243.20
197,2024-07-22,62,9,6,5,18.00,0.07,50.96,Shipped,83.70,41.85
198,2024-05-13,93,9,8,8,18.00,0.02,83.64,Shipped,141.12,70.56
199,2024-06-12,53,6,6,7,890.00,0.01,75.08,Delivered,6167.70,1940.40
200,2024-01-09,67,9,7,5,18.00,0.03,36.08,Shipped,87.30,43.65
201,2024-05-05,128,9,6,5,18.00,0.14,47.67,Delivered,77.40,38.70
202,2024-09-08,118,3,6,3,430.00,0.03,51.90,Shipped,1251.30,436.50
203,2024-10-04,165,1,1,2,1299.00,0.17,60.78,Delivered,2156.34,612.54
204,2024-07-30,36,11,4,2,2450.00,0.13,12.67,Shipped,4263.00,1218.00
205,2024-07-10,16,10,8,8,780.00,0.00,50.85,Shipped,6240.00,2240.00
206,2024-01-09,136,12,5,5,16.00,0.00,71.36,Pending,80.00,37.50
207,2024-04-01,28,2,3,4,189.00,0.03,50.43,Delivered,733.32,259.96
208,2024-05-16,102,2,6,7,189.00,0.08,29.75,Pending,1217.16,431.48
209,2024-06-02,176,2,1,2,189.00,0.07,39.53,Shipped,351.54,124.62
210,2024-11-22,3,12,3,2,16.00,0.09,43.68,Delivered,29.12,13.65
211,2024-10-16,25,9,1,4,18.00,0.04,75.37,Delivered,69.12,34.56
212,2024-08-31,70,1,2,5,1299.00,0.16,53.14,Shipped,5455.80,1549.80
213,2024-06-10,5,4,3,7,545.00,0.17,33.85,Shipped,3166.45,1074.85
214,2024-10-17,100,11,6,7,2450.00,0.14,22.22,Cancelled,14749.00,4214.00
215,2024-02-10,129,12,6,1,16.00,0.02,28.95,Shipped,15.68,7.35
216,2024-11-05,197,10,7,6,780.00,0.01,31.95,Cancelled,4633.20,1663.20
217,2024-09-08,59,6,7,7,890.00,0.03,54.77,Shipped,6043.10,1901.20
218,2024-11-12,76,4,2,2,545.00,0.05,39.74,Delivered,1035.50,351.50
219,2024-03-19,190,7,6,6,640.00,0.02,12.38,Shipped,3763.20,1499.40
220,2024-07-03,195,5,2,3,410.00,0.02,43.46,Shipped,1205.40,441.00
221,2024-09-19,105,2,1,2,189.00,0.06,18.79,Shipped,355.32,125.96
222,2024-06-15,99,1,5,7,1299.00,0.07,18.18,Delivered,8456.49,2402.19
223,2024-05-04,147,9,3,7,18.00,0.03,31.63,Shipped,122.22,61.11
224,2024-03-15,17,3,7,5,430.00,0.08,47.35,Shipped,1978.00,690.00
225,2024-05-08,64,12,8,4,16.00,0.08,21.89,Shipped,58.88,27.60
226,2024-07-21,86,10,7,6,780.00,0.08,43.43,Delivered,4305.60,1545.60
227,2024-11-29,153,3,5,6,430.00,0.11,62.76,Shipped,2296.20,801.00
228,2024-03-31,102,6,5,8,890.00,0.17,69.08,Shipped,5909.60,1859.20
229,2024-05-23,101,6,2,4,890.00,0.11,51.83,Pending,3168.40,996.80
230,2024-10-08,7,12,8,4,16.00,0.08,33.27,Pending,58.88,27.60
231,2024-07-28,173,8,3,5,24.00,0.04,60.08,Delivered,115.20,57.60
232,2024-07-12,19,8,8,7,24.00,0.10,79.42,Delivered,151.20,75.60
233,2024-08-02,140,1,6,2,1299.00,0.02,30.12,Pending,2546.04,723.24
234,2024-03-26,166,10,1,7,780.00,0.17,36.21,Delivered,4531.80,1626.80
235,2024-02-24,3,2,5,4,189.00,0.09,49.87,Shipped,687.96,243.88
236,2024-10-21,57,8,6,7,24.00,0.08,61.61,Pending,154.56,77.28
237,2024-03-18,89,1,8,2,1299.00,0.05,79.20,Shipped,2468.10,701.10
238,2024-03-13,90,5,6,8,410.00,0.14,50.04,Shipped,2820.80,1032.00
239,2024-02-19,113,12,8,6,16.00,0.01,15.26,Delivered,95.04,44.55
240,2024-01-12,88,11,2,3,2450.00,0.17,66.06,Shipped,6100.50,1743.00
241,2024-10-09,41,6,7,8,890.00,0.04,41.57,Shipped,6835.20,2150.40
242,2024-11-23,169,7,7,1,640.00,0.13,76.47,Shipped,556.80,221.85
243,2024-08-07,100,1,4,4,1299.00,0.05,63.37,Delivered,4936.20,1402.20
244,2024-10-22,27,9,3,6,18.00,0.06,45.40,Shipped,101.52,50.76
245,2024-09-07,136,11,6,7,2450.00,0.11,54.85,Shipped,15263.50,4361.00
246,2024-08-22,159,3,5,2,430.00,0.12,34.86,Shipped,756.80,264.00
247,2024-02-29,47,6,3,7,890.00,0.08,22.06,Shipped,5731.60,1803.20
248,2024-04-05,125,11,3,3,2450.00,0.09,22.24,Shipped,6688.50,1911.00
249,2024-08-18,159,1,6,1,1299.00,0.09,26.24,Shipped,1182.09,335.79
250,2024-10-14,130,11,8,7,2450.00,0.12,42.34,Delivered,15092.00,4312.00
251,2024-09-07,43,2,1,4,189.00,0.05,32.06,Shipped,718.20,254.60
252,2024-03-27,200,8,8,2,24.00,0.10,31.56,Shipped,43.20,21.60
253,2024-07-06,139,1,8,4,1299.00,0.18,19.48,Delivered,4260.72,1210.32
254,2024-05-06,77,1,8,5,1299.00,0.06,71.62,Shipped,6105.30,1734.30
255,2024-03-01,199,4,4,6,545.00,0.15,56.55,Shipped,2779.50,943.50
256,2024-11-11,36,4,4,1,545.00,0.10,50.86,Shipped,490.50,166.50
257,2024-03-27,83,12,5,5,16.00,0.10,81.53,Shipped,72.00,33.75
258,2024-12-13,25,3,7,1,430.00,0.18,75.29,Shipped,352.60,123.00
259,2024-03-08,64,3,6,4,430.00,0.14,61.37,Shipped,1479.20,516.00
260,2024-10-22,162,5,7,7,410.00,0.08,58.25,Delivered,2640.40,966.00
261,2024-02-17,104,9,5,6,18.00,0.08,47.63,Shipped,99.36,49.68
262,2024-02-17,188,8,6,2,24.00,0.14,41.03,Cancelled,41.28,20.64
263,2024-04-18,127,5,6,5,410.00,0.06,54.19,Shipped,1927.00,705.00
264,2024-09-05,88,11,1,1,2450.00,0.02,69.22,Shipped,2401.00,686.00
265,2024-03-04,41,8,8,1,24.00,0.18,43.23,Cancelled,19.68,9.84
266,2024-03-08,167,5,3,5,410.00,0.02,38.31,Shipped,2009.00,735.00
267,2024-12-06,167,3,1,7,430.00,0.11,65.00,Delivered,2678.90,934.50
268,2024-08-07,168,2,2,1,189.00,0.04,17.69,Shipped,181.44,64.32
269,2024-09-22,175,8,1,1,24.00,0.13,71.65,Cancelled,20.88,10.44
270,2024-08-04,178,3,8,2,430.00,0.04,18.52,Delivered,825.60,288.00
271,2024-02-22,81,6,5,3,890.00,0.07,71.38,Delivered,2483.10,781.20
272,2024-11-24,174,3,2,1,430.00,0.11,23.98,Shipped,382.70,133.50
273,2024-04-19,161,12,3,7,16.00,0.11,44.29,Shipped,99.68,46.73
274,2024-02-21,36,2,7,6,189.00,0.17,34.96,Shipped,941.22,333.66
275,2024-05-21,166,2,4,5,189.00,0.14,62.40,Delivered,812.70,288.10
276,2024-12-03,78,4,4,7,545.00,0.05,15.98,Delivered,3624.25,1230.25
277,2024-05-02,127,7,2,4,640.00,0.09,55.36,Shipped,2329.60,928.20
278,2024-01-07,93,6,3,7,890.00,0.15,53.49,Shipped,5295.50,1666.00
279,2024-12-15,45,8,2,1,24.00,0.11,13.01,Shipped,21.36,10.68
280,2024-01-31,102,9,5,7,18.00,0.08,41.37,Pending,115.92,57.96
281,2024-10-02,158,3,5,2,430.00,0.06,49.33,Shipped,808.40,282.00
282,2024-03-20,138,6,7,2,890.00,0.06,43.94,Cancelled,1673.20,526.40
283,2024-05-02,15,4,2,7,545.00,0.02,56.70,Shipped,3738.70,1269.10
284,2024-12-07,190,11,3,2,2450.00,0.00,22.02,Shipped,4900.00,1400.00
285,2024-09-11,89,9,5,3,18.00,0.07,66.73,Delivered,50.22,25.11
286,2024-03-01,198,1,6,7,1299.00,0.05,16.66,Delivered,8638.35,2453.85
287,2024-10-22,161,2,8,8,189.00,0.09,16.05,Delivered,1375.92,487.76
288,2024-03-26,95,3,5,2,430.00,0.16,61.21,Shipped,722.40,252.00
289,2024-09-17,1,1,1,4,1299.00,0.01,38.57,Delivered,5144.04,1461.24
290,2024-04-01,10,9,7,4,18.00,0.06,42.39,Delivered,67.68,33.84
291,2024-05-18,20,10,6,2,780.00,0.09,77.84,Shipped,1419.60,509.60
292,2024-09-21,12,7,2,8,640.00,0.16,68.47,Shipped,4300.80,1713.60
293,2024-02-14,142,8,1,6,24.00,0.04,53.16,Shipped,138.24,69.12
294,2024-11-14,63,8,6,8,24.00,0.18,68.64,Delivered,157.44,78.72
295,2024-10-06,195,4,3,1,545.00,0.17,13.75,Shipped,452.35,153.55
296,2024-11-21,178,1,6,1,1299.00,0.14,39.47,Delivered,1117.14,317.34
297,2024-06-06,27,4,4,7,545.00,0.09,16.37,Cancelled,3471.65,1178.45
298,2024-12-30,72,2,1,4,189.00,0.16,49.94,Delivered,635.04,225.12
299,2024-07-09,118,12,2,2,16.00,0.09,58.52,Shipped,29.12,13.65
300,2024-10-30,146,1,7,3,1299.00,0.04,31.05,Shipped,3741.12,1062.72
301,2024-07-20,180,12,6,6,16.00,0.08,29.05,Delivered,88.32,41.40
302,2024-03-10,200,10,2,3,780.00,0.02,44.82,Shipped,2293.20,823.20
303,2024-03-02,138,6,4,8,890.00,0.06,31.35,Shipped,6692.80,2105.60
304,2024-03-21,176,5,1,4,410.00,0.15,35.93,Shipped,1394.00,510.00
305,2024-05-07,92,7,1,5,640.00,0.05,84.32,Shipped,3040.00,1211.25
306,2024-07-26,116,9,4,2,18.00,0.08,70.68,Shipped,33.12,16.56
307,2024-01-07,16,4,3,4,545.00,0.15,39.17,Pending,1853.00,629.00
308,2024-11-26,22,10,5,2,780.00,0.00,16.71,Delivered,1560.00,560.00
309,2024-08-15,33,2,6,2,189.00,0.01,45.65,Shipped,374.22,132.66
310,2024-10-20,111,12,7,8,16.00,0.01,61.87,Shipped,126.72,59.40
311,2024-04-19,48,5,5,8,410.00,0.16,14.53,Pending,2755.20,1008.00
312,2024-05-05,166,5,8,7,410.00,0.16,46.97,Shipped,2410.80,882.00
313,2024-07-15,36,7,4,4,640.00,0.11,70.56,Delivered,2278.40,907.80
314,2024-07-14,183,6,8,8,890.00,0.06,53.29,Shipped,6692.80,2105.60
315,2024-05-18,47,1,6,4,1299.00,0.01,71.18,Shipped,5144.04,1461.24
316,2024-08-29,136,6,4,3,890.00,0.02,59.95,Shipped,2616.60,823.20
317,2024-01-29,196,4,7,6,545.00,0.17,84.38,Shipped,2714.10,921.30
318,2024-05-01,152,6,6,1,890.00,0.13,37.67,Shipped,774.30,243.60
319,2024-03-13,145,4,8,5,545.00,0.03,14.77,Shipped,2643.25,897.25
320,2024-11-04,57,1,8,1,1299.00,0.06,56.83,Delivered,1221.06,346.86
321,2024-06-23,184,3,6,1,430.00,0.00,54.82,Delivered,430.00,150.00
322,2024-02-26,135,6,2,6,890.00,0.13,60.34,Shipped,4645.80,1461.60
323,2024-06-21,78,6,3,3,890.00,0.13,43.89,Pending,2322.90,730.80
324,2024-09-06,167,6,3,6,890.00,0.04,54.99,Shipped,5126.40,1612.80
325,2024-06-06,188,12,5,3,16.00,0.03,12.13,Delivered,46.56,21.82
326,2024-10-20,101,10,1,3,780.00,0.11,79.24,Cancelled,2082.60,747.60
327,2024-04-23,164,10,2,8,780.00,0.03,66.41,Shipped,6052.80,2172.80
328,2024-06-12,43,11,2,6,2450.00,0.08,31.36,Shipped,13524.00,3864.00
329,2024-02-04,90,5,2,1,410.00,0.01,43.99,Shipped,405.90,148.50
330,2024-03-26,106,8,7,6,24.00,0.10,19.40,Shipped,129.60,64.80
331,2024-10-22,167,11,4,3,2450.00,0.08,70.34,Shipped,6762.00,1932.00
332,2024-01-11,82,5,2,2,410.00,0.06,76.82,Shipped,770.80,282.00
333,2024-02-08,141,2,6,8,189.00,0.13,43.49,Pending,1315.44,466.32
334,2024-11-06,112,3,1,2,430.00,0.06,83.13,Shipped,808.40,282.00
335,2024-10-10,185,12,5,5,16.00,0.05,19.00,Shipped,76.00,35.62
336,2024-10-08,126,3,1,6,430.00,0.00,18.40,Delivered,2580.00,900.00
337,2024-11-16,154,8,4,2,24.00,0.00,24.47,Shipped,48.00,24.00
338,2024-02-11,122,2,5,7,189.00,0.08,77.33,Shipped,1217.16,431.48
339,2024-11-24,140,7,3,6,640.00,0.16,38.97,Shipped,3225.60,1285.20
340,2024-05-14,113,8,5,4,24.00,0.15,53.19,Shipped,81.60,40.80
341,2024-12-22,171,2,2,6,189.00,0.15,42.22,Delivered,963.90,341.70
342,2024-04-26,142,1,7,7,1299.00,0.17,62.16,Delivered,7547.19,2143.89
343,2024-10-20,61,8,5,2,24.00,0.07,74.34,Shipped,44.64,22.32
344,2024-10-19,133,10,3,2,780.00,0.17,44.78,Delivered,1294.80,464.80
345,2024-03-26,55,4,3,1,545.00,0.08,84.14,Shipped,501.40,170.20
346,2024-11-17,38,10,5,6,780.00,0.16,78.73,Shipped,3931.20,1411.20
347,2024-07-17,143,7,6,5,640.00,0.09,78.95,Shipped,2912.00,1160.25
348,2024-12-24,160,10,7,2,780.00,0.07,22.82,Shipped,1450.80,520.80
349,2024-02-21,28,10,2,5,780.00,0.16,76.25,Delivered,3276.00,1176.00
350,2024-05-15,99,11,8,8,2450.00,0.01,32.11,Shipped,19404.00,5544.00
351,2024-11-07,175,12,7,1,16.00,0.07,76.16,Pending,14.88,6.97
352,2024-01-26,191,8,5,6,24.00,0.00,71.67,Shipped,144.00,72.00
353,2024-05-23,126,12,2,4,16.00,0.02,83.12,Shipped,62.72,29.40
354,2024-06-13,69,12,7,2,16.00,0.03,27.43,Delivered,31.04,14.55
355,2024-09-05,195,9,6,1,18.00,0.09,23.60,Shipped,16.38,8.19
356,2024-09-16,104,3,1,3,430.00,0.03,72.80,Delivered,1251.30,436.50
357,2024-05-07,9,8,1,6,24.00,0.13,32.00,Delivered,125.28,62.64
358,2024-09-15,102,11,2,1,2450.00,0.04,47.68,Shipped,2352.00,672.00
359,2024-08-30,151,9,6,6,18.00,0.03,77.30,Delivered,104.76,52.38
360,2024-12-18,24,5,1,7,410.00,0.01,74.33,Delivered,2841.30,1039.50
361,2024-04-19,57,11,4,4,2450.00,0.05,41.89,Shipped,9310.00,2660.00
362,2024-12-15,3,8,3,3,24.00,0.11,12.62,Shipped,64.08,32.04
363,2024-06-05,183,12,5,7,16.00,0.16,74.17,Shipped,94.08,44.10
364,2024-04-21,120,5,7,2,410.00,0.00,84.96,Cancelled,820.00,300.00
365,2024-07-10,144,11,5,5,2450.00,0.12,47.17,Shipped,10780.00,3080.00
366,2024-05-21,164,6,5,5,890.00,0.12,81.51,Pending,3916.00,1232.00
367,2024-04-06,39,9,4,1,18.00,0.14,70.57,Pending,15.48,7.74
368,2024-12-04,82,11,3,1,2450.00,0.12,84.82,Shipped,2156.00,616.00
369,2024-08-02,104,7,1,4,640.00,0.06,64.08,Pending,2406.40,958.80
370,2024-11-22,122,11,6,5,2450.00,0.15,73.37,Delivered,10412.50,2975.00
371,2024-04-02,76,2,8,3,189.00,0.13,64.94,Shipped,493.29,174.87
372,2024-04-03,175,6,2,4,890.00,0.06,66.33,Shipped,3346.40,1052.80
373,2024-06-18,96,5,5,8,410.00,0.15,46.35,Delivered,2788.00,1020.00
374,2024-10-25,149,10,2,8,780.00,0.16,48.53,Delivered,5241.60,1881.60
375,2024-07-14,136,5,7,1,410.00,0.16,23.01,Cancelled,344.40,126.00
376,2024-06-24,105,10,8,3,780.00,0.06,64.24,Delivered,2199.60,789.60
377,2024-09-06,86,11,3,6,2450.00,0.11,12.34,Shipped,13083.00,3738.00
378,2024-03-27,148,3,8,2,430.00,0.02,43.66,Shipped,842.80,294.00
379,2024-08-07,123,7,1,1,640.00,0.10,65.34,Cancelled,576.00,229.50
380,2024-06-13,194,9,4,1,18.00,0.12,57.75,Shipped,15.84,7.92
381,2024-12-21,89,5,3,2,410.00,0.07,54.97,Shipped,762.60,279.00
382,2024-01-24,77,5,8,6,410.00,0.08,62.13,Shipped,2263.20,828.00
383,2024-09-07,92,4,3,7,545.00,0.00,28.38,Cancelled,3815.00,1295.00
384,2024-04-18,188,1,3,2,1299.00,0.07,59.49,Shipped,2416.14,686.34
385,2024-11-23,66,9,1,1,18.00,0.12,59.71,Shipped,15.84,7.92
386,2024-12-19,30,7,8,7,640.00,0.02,30.45,Delivered,4390.40,1749.30
387,2024-04-15,178,11,1,5,2450.00,0.08,19.37,Shipped,11270.00,3220.00
388,2024-11-14,156,12,3,7,16.00,0.15,19.66,Delivered,95.20,44.62
389,2024-03-01,73,2,2,8,189.00,0.04,26.58,Shipped,1451.52,514.56
390,2024-09-24,52,6,7,5,890.00,0.03,52.01,Delivered,4316.50,1358.00
391,2024-12-18,124,6,4,1,890.00,0.00,18.50,Shipped,890.00,280.00
392,2024-10-20,172,8,3,2,24.00,0.14,17.48,Delivered,41.28,20.64
393,2024-05-11,165,4,8,5,545.00,0.05,15.66,Delivered,2588.75,878.75
394,2024-01-21,75,6,6,7,890.00,0.13,18.93,Delivered,5420.10,1705.20
395,2024-01-24,3,3,3,6,430.00,0.06,43.95,Pending,2425.20,846.00
396,2024-02-17,96,6,3,2,890.00,0.07,82.25,Shipped,1655.40,520.80
397,2024-07-16,177,8,7,3,24.00,0.02,62.82,Shipped,70.56,35.28
398,2024-03-22,27,7,8,8,640.00,0.03,39.72,Shipped,4966.40,1978.80
399,2024-01-15,176,12,3,8,16.00,0.17,20.24,Shipped,106.24,49.80
400,2024-01-24,17,5,6,1,410.00,0.13,61.49,Delivered,356.70,130.50
401,2024-10-22,186,10,4,6,780.00,0.09,62.24,Pending,4258.80,1528.80
402,2024-08-09,170,12,4,8,16.00,0.06,61.37,Shipped,120.32,56.40
403,2024-10-12,157,1,1,3,1299.00,0.09,46.26,Shipped,3546.27,1007.37
404,2024-03-25,20,8,6,4,24.00,0.06,32.31,Shipped,90.24,45.12
405,2024-10-08,165,7,7,4,640.00,0.01,44.43,Shipped,2534.40,1009.80
406,2024-02-15,128,8,6,2,24.00,0.18,66.40,Shipped,39.36,19.68
407,2024-07-25,106,1,1,2,1299.00,0.14,82.31,Pending,2234.28,634.68
408,2024-09-17,144,4,8,6,545.00,0.07,15.96,Shipped,3041.10,1032.30
409,2024-08-20,85,9,8,6,18.00,0.13,20.32,Delivered,93.96,46.98
410,2024-04-23,1,6,6,5,890.00,0.10,39.29,Shipped,4005.00,1260.00
411,2024-03-25,127,3,7,2,430.00,0.05,26.30,Shipped,817.00,285.00
412,2024-07-20,56,8,4,6,24.00,0.02,42.26,Delivered,141.12,70.56
413,2024-12-10,151,2,8,8,189.00,0.12,81.80,Shipped,1330.56,471.68
414,2024-09-12,2,9,1,7,18.00,0.15,47.25,Shipped,107.10,53.55
415,2024-03-31,178,10,3,3,780.00,0.02,60.00,Pending,2293.20,823.20
416,2024-06-13,130,7,7,4,640.00,0.05,82.34,Cancelled,2432.00,969.00
417,2024-08-19,35,3,7,5,430.00,0.15,51.99,Shipped,1827.50,637.50
418,2024-10-10,162,4,4,4,545.00,0.11,33.21,Shipped,1940.20,658.60
419,2024-12-10,34,12,3,6,16.00,0.13,67.54,Shipped,83.52,39.15
420,2024-10-25,147,11,7,5,2450.00,0.16,42.83,Shipped,10290.00,2940.00
421,2024-02-24,7,7,3,1,640.00,0.12,26.59,Delivered,563.20,224.40
422,2024-03-23,74,11,5,3,2450.00,0.15,62.41,Shipped,6247.50,1785.00
423,2024-10-04,9,6,8,2,890.00,0.11,61.31,Shipped,1584.20,498.40
424,2024-04-24,191,11,7,4,2450.00,0.09,70.17,Pending,8918.00,2548.00
425,2024-12-20,171,1,7,7,1299.00,0.07,69.53,Pending,8456.49,2402.19
426,2024-10-09,14,1,5,4,1299.00,0.11,69.01,Delivered,4624.44,1313.64
427,2024-04-25,163,12,6,4,16.00,0.14,82.39,Shipped,55.04,25.80
428,2024-03-31,175,2,3,3,189.00,0.13,20.71,Shipped,493.29,174.87
429,2024-05-22,143,5,3,3,410.00,0.11,30.62,Shipped,1094.70,400.50
430,2024-12-29,40,1,3,6,1299.00,0.11,68.48,Pending,6936.66,1970.46
431,2024-12-04,78,8,6,2,24.00,0.14,35.20,Shipped,41.28,20.64
432,2024-04-04,134,2,3,7,189.00,0.10,41.45,Shipped,1190.70,422.10
433,2024-04-19,170,6,6,6,890.00,0.05,81.37,Pending,5073.00,1596.00
434,2024-08-31,144,11,1,2,2450.00,0.12,44.53,Delivered,4312.00,1232.00
435,2024-11-10,160,4,1,6,545.00,0.07,70.12,Shipped,3041.10,1032.30
436,2024-05-11,139,12,5,1,16.00,0.16,72.01,Shipped,13.44,6.30
437,2024-09-17,115,8,1,5,24.00,0.16,26.05,Shipped,100.80,50.40
438,2024-02-19,43,9,1,2,18.00,0.04,57.95,Shipped,34.56,17.28
439,2024-12-16,109,2,4,7,189.00,0.12,80.60,Delivered,1164.24,412.72
440,2024-03-19,7,8,6,1,24.00,0.02,15.96,Delivered,23.52,11.76
441,2024-10-12,19,10,4,5,780.00,0.07,44.93,Shipped,3627.00,1302.00
442,2024-06-10,5,7,2,1,640.00,0.12,57.14,Delivered,563.20,224.40
443,2024-10-26,12,12,2,6,16.00,0.17,19.75,Delivered,79.68,37.35
444,2024-06-03,156,2,5,8,189.00,0.07,72.01,Shipped,1406.16,498.48
445,2024-03-21,137,4,3,7,545.00,0.14,74.01,Shipped,3280.90,1113.70
446,2024-11-20,37,5,6,1,410.00,0.10,52.52,Shipped,369.00,135.00
447,2024-01-03,147,10,7,2,780.00,0.05,66.63,Delivered,1482.00,532.00
448,2024-06-25,55,7,3,3,640.00,0.03,57.03,Shipped,1862.40,742.05
449,2024-02-28,47,11,1,8,2450.00,0.12,17.34,Pending,17248.00,4928.00
450,2024-05-08,26,4,8,6,545.00,0.06,61.00,Shipped,3073.80,1043.40
451,2024-05-25,159,2,4,6,189.00,0.09,35.97,Pending,1031.94,365.82
452,2024-12-21,150,3,6,6,430.00,0.17,24.31,Shipped,2141.40,747.00
453,2024-04-23,183,12,7,5,16.00,0.15,21.80,Delivered,68.00,31.88
454,2024-09-02,119,8,6,5,24.00,0.09,19.94,Pending,109.20,54.60
455,2024-02-11,72,3,4,5,430.00,0.13,57.74,Delivered,1870.50,652.50
456,2024-01-10,130,11,1,7,2450.00,0.14,27.53,Shipped,14749.00,4214.00
457,2024-05-13,140,9,8,3,18.00,0.07,28.30,Delivered,50.22,25.11
458,2024-05-28,35,8,2,7,24.00,0.07,12.77,Shipped,156.24,78.12
459,2024-11-10,176,3,3,8,430.00,0.03,53.34,Shipped,3336.80,1164.00
460,2024-03-15,189,12,8,6,16.00,0.01,67.59,Shipped,95.04,44.55
461,2024-05-15,95,4,1,4,545.00,0.09,69.78,Shipped,1983.80,673.40
462,2024-08-20,12,1,6,2,1299.00,0.13,50.06,Delivered,2260.26,642.06
463,2024-05-14,149,9,3,7,18.00,0.12,38.67,Pending,110.88,55.44
464,2024-02-09,133,5,7,4,410.00,0.09,37.76,Delivered,1492.40,546.00
465,2024-09-06,124,10,1,3,780.00,0.08,28.79,Shipped,2152.80,772.80
466,2024-05-23,55,3,3,3,430.00,0.07,64.36,Shipped,1199.70,418.50
467,2024-04-27,107,6,2,8,890.00,0.12,46.97,Shipped,6265.60,1971.20
468,2024-11-27,106,1,4,1,1299.00,0.02,55.24,Shipped,1273.02,361.62
469,2024-09-19,11,10,3,1,780.00,0.03,79.34,Shipped,756.60,271.60
470,2024-07-26,154,10,1,5,780.00,0.17,27.81,Pending,3237.00,1162.00
471,2024-08-29,124,3,4,7,430.00,0.11,70.01,Delivered,2678.90,934.50
472,2024-04-03,160,11,5,3,2450.00,0.13,37.02,Shipped,6394.50,1827.00
473,2024-10-29,18,4,7,7,545.00,0.02,13.21,Shipped,3738.70,1269.10
474,2024-09-15,176,7,3,2,640.00,0.03,77.82,Shipped,1241.60,494.70
475,2024-09-29,129,2,2,8,189.00,0.12,77.84,Shipped,1330.56,471.68
476,2024-01-01,199,11,7,7,2450.00,0.07,15.17,Shipped,15949.50,4557.00
477,2024-04-27,124,7,6,2,640.00,0.08,30.58,Delivered,1177.60,469.20
478,2024-02-12,73,10,7,5,780.00,0.03,63.77,Delivered,3783.00,1358.00
479,2024-10-22,134,2,1,7,189.00,0.12,62.21,Shipped,1164.24,412.72
480,2024-07-04,28,3,7,5,430.00,0.05,51.14,Shipped,2042.50,712.50
481,2024-11-09,71,11,7,4,2450.00,0.07,69.22,Shipped,9114.00,2604.00
482,2024-07-08,144,9,8,5,18.00,0.18,54.17,Delivered,73.80,36.90
483,2024-07-22,189,3,2,4,430.00,0.08,63.05,Shipped,1582.40,552.00
484,2024-04-19,131,7,6,1,640.00,0.03,82.41,Shipped,620.80,247.35
485,2024-02-16,38,8,7,2,24.00,0.01,28.19,Shipped,47.52,23.76
486,2024-01-20,186,7,7,5,640.00,0.13,55.62,Delivered,2784.00,1109.25
487,2024-03-30,164,8,8,1,24.00,0.04,59.95,Delivered,23.04,11.52
488,2024-05-26,50,1,4,3,1299.00,0.12,38.26,Pending,3429.36,974.16
489,2024-03-21,23,5,7,6,410.00,0.12,41.60,Shipped,2164.80,792.00
490,2024-01-08,189,12,2,2,16.00,0.10,65.01,Shipped,28.80,13.50
491,2024-10-25,90,6,5,4,890.00,0.11,26.20,Delivered,3168.40,996.80
492,2024-10-21,2,5,3,7,410.00,0.09,52.78,Shipped,2611.70,955.50
493,2024-06-23,30,9,5,5,18.00,0.12,82.52,Shipped,79.20,39.60
494,2024-05-04,194,6,8,8,890.00,0.16,74.93,Shipped,5980.80,1881.60
495,2024-05-12,18,7,4,4,640.00,0.14,42.11,Shipped,2201.60,877.20
496,2024-10-01,3,12,5,4,16.00,0.05,41.12,Delivered,60.80,28.50
497,2024-06-24,20,9,3,8,18.00,0.06,27.96,Shipped,135.36,67.68
498,2024-04-03,192,11,4,8,2450.00,0.13,29.14,Shipped,17052.00,4872.00
499,2024-05-15,53,4,4,4,545.00,0.15,37.99,Delivered,1853.00,629.00
500,2024-03-02,21,11,8,1,2450.00,0.14,51.53,Shipped,2107.00,602.00
501,2024-09-03,96,10,6,8,780.00,0.16,76.31,Shipped,5241.60,1881.60
502,2024-05-20,126,3,5,7,430.00,0.04,54.10,Shipped,2889.60,1008.00
503,2024-08-04,123,9,1,6,18.00,0.07,62.10,Shipped,100.44,50.22
504,2024-03-02,179,9,8,6,18.00,0.12,12.86,Shipped,95.04,47.52
505,2024-10-24,26,6,6,5,890.00,0.03,31.19,Shipped,4316.50,1358.00
506,2024-11-09,88,6,3,8,890.00,0.08,42.59,Delivered,6550.40,2060.80
507,2024-07-05,103,5,8,3,410.00,0.10,83.49,Pending,1107.00,405.00
508,2024-02-21,185,5,4,7,410.00,0.15,26.31,Delivered,2439.50,892.50
509,2024-03-17,122,1,3,7,1299.00,0.09,84.68,Delivered,8274.63,2350.53
510,2024-09-21,137,12,6,8,16.00,0.05,53.04,Shipped,121.60,57.00
511,2024-07-22,26,12,3,1,16.00,0.04,30.56,Delivered,15.36,7.20
512,2024-02-19,116,12,6,5,16.00,0.06,52.91,Delivered,75.20,35.25
513,2024-05-11,89,1,7,2,1299.00,0.06,61.61,Pending,2442.12,693.72
514,2024-10-22,148,11,3,5,2450.00,0.06,61.14,Shipped,11515.00,3290.00
515,2024-08-16,21,7,5,8,640.00,0.11,22.57,Shipped,4556.80,1815.60
516,2024-06-21,108,11,7,2,2450.00,0.01,37.08,Shipped,4851.00,1386.00
517,2024-11-30,75,12,5,7,16.00,0.05,44.48,Delivered,106.40,49.88
518,2024-07-04,192,10,8,7,780.00,0.03,74.36,Shipped,5296.20,1901.20
519,2024-04-30,170,5,2,4,410.00,0.03,19.52,Shipped,1590.80,582.00
520,2024-08-30,141,1,1,7,1299.00,0.09,84.71,Shipped,8274.63,2350.53
521,2024-11-12,40,2,7,5,189.00,0.04,65.84,Shipped,907.20,321.60
522,2024-03-05,34,9,3,1,18.00,0.01,38.05,Delivered,17.82,8.91
523,2024-08-31,120,9,5,8,18.00,0.02,81.24,Shipped,141.12,70.56
524,2024-10-29,153,8,7,5,24.00,0.16,47.16,Shipped,100.80,50.40
525,2024-02-15,114,5,6,7,410.00,0.05,34.16,Shipped,2726.50,997.50
526,2024-03-10,89,5,8,1,410.00,0.12,47.91,Delivered,360.80,132.00
527,2024-06-02,3,7,5,4,640.00,0.14,52.02,Shipped,2201.60,877.20
528,2024-10-14,112,7,4,3,640.00,0.13,59.16,Delivered,1670.40,665.55
529,2024-04-22,68,2,7,4,189.00,0.09,70.40,Pending,687.96,243.88
530,2024-12-21,176,5,5,5,410.00,0.07,74.30,Shipped,1906.50,697.50
531,2024-05-28,29,11,8,8,2450.00,0.05,57.46,Shipped,18620.00,5320.00
532,2024-01-10,39,1,1,3,1299.00,0.18,32.59,Shipped,3195.54,907.74
533,2024-08-12,187,1,4,2,1299.00,0.03,48.03,Shipped,2520.06,715.86
534,2024-06-08,128,6,8,1,890.00,0.06,73.58,Cancelled,836.60,263.20
535,2024-01-29,69,7,2,8,640.00,0.03,77.39,Shipped,4966.40,1978.80
536,2024-07-14,4,2,4,7,189.00,0.14,44.34,Delivered,1137.78,403.34
537,2024-01-18,51,8,2,4,24.00,0.09,61.75,Shipped,87.36,43.68
538,2024-06-14,41,11,1,2,2450.00,0.05,58.61,Shipped,4655.00,1330.00
539,2024-01-27,171,4,2,4,545.00,0.11,35.69,Shipped,1940.20,658.60
540,2024-05-21,150,2,7,4,189.00,0.00,15.07,Delivered,756.00,268.00
541,2024-08-31,177,10,3,6,780.00,0.14,30.16,Shipped,4024.80,1444.80
542,2024-12-17,159,6,1,1,890.00,0.06,23.24,Shipped,836.60,263.20
543,2024-02-24,33,8,4,6,24.00,0.18,69.57,Delivered,118.08,59.04
544,2024-08-12,188,4,1,7,545.00,0.06,21.84,Delivered,3586.10,1217.30
545,2024-09-05,181,8,5,8,24.00,0.03,25.62,Shipped,186.24,93.12
546,2024-08-27,71,10,3,2,780.00,0.10,44.81,Delivered,1404.00,504.00
547,2024-10-04,94,8,1,7,24.00,0.13,76.45,Pending,146.16,73.08
548,2024-07-05,199,10,4,6,780.00,0.13,60.06,Shipped,4071.60,1461.60
549,2024-07-17,49,9,8,3,18.00,0.11,35.55,Pending,48.06,24.03
550,2024-02-26,25,9,2,1,18.00,0.15,21.47,Delivered,15.30,7.65
551,2024-04-13,28,8,4,2,24.00,0.01,58.85,Shipped,47.52,23.76
552,2024-09-07,135,10,5,1,780.00,0.07,56.23,Shipped,725.40,260.40
553,2024-04-16,168,8,2,8,24.00,0.14,16.43,Shipped,165.12,82.56
554,2024-07-31,95,12,1,5,16.00,0.10,65.60,Delivered,72.00,33.75
555,2024-02-09,56,9,2,2,18.00,0.13,50.81,Shipped,31.32,15.66
556,2024-09-26,169,4,3,7,545.00,0.13,67.94,Shipped,3319.05,1126.65
557,2024-12-11,118,12,7,2,16.00,0.03,25.17,Shipped,31.04,14.55
558,2024-06-21,169,3,8,6,430.00,0.16,52.16,Cancelled,2167.20,756.00
559,2024-07-09,106,11,7,6,2450.00,0.11,53.11,Shipped,13083.00,3738.00
560,2024-10-08,191,5,6,8,410.00,0.08,40.99,Delivered,3017.60,1104.00
561,2024-05-25,153,1,3,5,1299.00,0.00,83.86,Shipped,6495.00,1845.00
562,2024-06-10,6,12,5,3,16.00,0.02,45.61,Shipped,47.04,22.05
563,2024-05-15,94,10,4,4,780.00,0.05,33.92,Shipped,2964.00,1064.00
564,2024-10-18,56,12,2,6,16.00,0.14,24.62,Delivered,82.56,38.70
565,2024-12-19,180,10,2,5,780.00,0.01,71.01,Shipped,3861.00,1386.00
566,2024-01-29,198,6,6,7,890.00,0.07,75.35,Delivered,5793.90,1822.80
567,2024-04-26,192,11,1,7,2450.00,0.01,50.28,Shipped,16978.50,4851.00
568,2024-10-16,39,6,4,3,890.00,0.01,65.41,Shipped,2643.30,831.60
569,2024-08-16,193,10,2,4,780.00,0.08,69.40,Shipped,2870.40,1030.40
570,2024-06-21,22,8,1,7,24.00,0.05,41.09,Shipped,159.60,79.80
571,2024-12-23,34,3,8,4,430.00,0.09,59.61,Shipped,1565.20,546.00
572,2024-11-11,189,9,4,4,18.00,0.01,68.70,Shipped,71.28,35.64
573,2024-10-21,23,2,7,7,189.00,0.07,25.91,Shipped,1230.39,436.17
574,2024-12-01,7,5,3,6,410.00,0.11,84.28,Shipped,2189.40,801.00
575,2024-03-15,113,1,4,4,1299.00,0.12,23.39,Delivered,4572.48,1298.88
576,2024-02-13,29,12,1,4,16.00,0.17,79.65,Delivered,53.12,24.90
577,2024-05-27,4,6,2,5,890.00,0.08,13.66,Shipped,4094.00,1288.00
578,2024-10-02,55,4,5,8,545.00,0.11,84.44,Pending,3880.40,1317.20
579,2024-12-08,5,7,1,5,640.00,0.03,32.73,Delivered,3104.00,1236.75
580,2024-11-12,70,1,8,1,1299.00,0.01,60.21,Pending,1286.01,365.31
581,2024-12-03,93,2,1,5,189.00,0.16,59.41,Shipped,793.80,281.40
582,2024-07-13,131,12,2,6,16.00,0.09,55.59,Shipped,87.36,40.95
583,2024-04-11,129,8,1,1,24.00,0.04,50.65,Shipped,23.04,11.52
584,2024-07-20,191,3,1,6,430.00,0.12,37.94,Shipped,2270.40,792.00
585,2024-09-13,71,1,5,7,1299.00,0.16,71.48,Shipped,7638.12,2169.72
586,2024-10-11,72,4,3,6,545.00,0.16,59.96,Shipped,2746.80,932.40
587,2024-07-14,134,11,4,7,2450.00,0.04,23.15,Cancelled,16464.00,4704.00
588,2024-11-05,85,8,3,4,24.00,0.12,54.42,Pending,84.48,42.24
589,2024-04-13,36,5,3,7,410.00,0.18,83.23,Shipped,2353.40,861.00
590,2024-10-16,41,6,2,2,890.00,0.03,73.29,Shipped,1726.60,543.20
591,2024-01-16,196,6,7,7,890.00,0.05,66.43,Delivered,5918.50,1862.00
592,2024-11-22,190,5,3,4,410.00,0.02,25.49,Delivered,1607.20,588.00
593,2024-11-09,158,5,4,4,410.00,0.04,13.90,Shipped,1574.40,576.00
594,2024-09-01,35,9,8,6,18.00,0.03,40.28,Shipped,104.76,52.38
595,2024-03-24,50,4,1,7,545.00,0.14,13.10,Shipped,3280.90,1113.70
596,2024-07-30,57,12,4,4,16.00,0.01,79.68,Cancelled,63.36,29.70
597,2024-11-11,126,12,6,8,16.00,0.16,43.21,Delivered,107.52,50.40
598,2024-11-07,189,7,6,7,640.00,0.11,66.20,Shipped,3987.20,1588.65
599,2024-09-25,165,12,1,2,16.00,0.08,72.37,Shipped,29.44,13.80
600,2024-05-05,133,9,7,1,18.00,0.10,49.68,Pending,16.20,8.10
601,2024-01-26,49,5,8,7,410.00,0.16,68.48,Shipped,2410.80,882.00
602,2024-03-26,109,5,1,3,410.00,0.08,59.17,Shipped,1131.60,414.00
603,2024-09-13,29,3,3,7,430.00,0.07,44.91,Shipped,2799.30,976.50
604,2024-10-29,183,4,8,2,545.00,0.05,62.50,Delivered,1035.50,351.50
605,2024-03-24,184,12,2,2,16.00,0.02,44.81,Shipped,31.36,14.70
606,2024-09-25,182,7,3,7,640.00,0.10,15.21,Shipped,4032.00,1606.50
607,2024-06-20,145,11,3,3,2450.00,0.16,25.06,Delivered,6174.00,1764.00
608,2024-08-02,79,5,8,5,410.00,0.11,20.58,Shipped,1824.50,667.50
609,2024-04-13,1,10,5,1,780.00,0.08,74.45,Shipped,717.60,257.60
610,2024-01-03,156,8,4,4,24.00,0.11,46.73,Shipped,85.44,42.72
611,2024-02-10,154,10,1,4,780.00,0.16,32.30,Pending,2620.80,940.80
612,2024-04-16,13,3,3,1,430.00,0.12,14.68,Delivered,378.40,132.00
613,2024-12-07,148,10,5,6,780.00,0.17,15.58,Shipped,3884.40,1394.40
614,2024-04-01,42,11,5,3,2450.00,0.17,66.70,Shipped,6100.50,1743.00
615,2024-01-19,24,5,6,6,410.00,0.16,71.88,Delivered,2066.40,756.00
616,2024-10-08,17,5,8,3,410.00,0.02,74.74,Shipped,1205.40,441.00
617,2024-07-30,135,4,4,1,545.00,0.02,65.27,Pending,534.10,181.30
618,2024-02-14,124,12,5,7,16.00,0.11,35.10,Shipped,99.68,46.73
619,2024-11-15,91,3,8,8,430.00,0.09,25.13,Pending,3130.40,1092.00
620,2024-12-28,75,4,1,2,545.00,0.00,57.66,Shipped,1090.00,370.00
621,2024-04-16,158,7,7,1,640.00,0.06,52.91,Pending,601.60,239.70
622,2024-01-06,164,4,5,5,545.00,0.14,34.47,Shipped,2343.50,795.50
623,2024-06-14,197,1,2,6,1299.00,0.06,64.88,Pending,7326.36,2081.16
624,2024-01-15,45,4,6,6,545.00,0.17,46.97,Shipped,2714.10,921.30
625,2024-01-19,166,3,8,3,430.00,0.11,77.12,Shipped,1148.10,400.50
626,2024-06-20,119,7,1,5,640.00,0.10,61.51,Shipped,2880.00,1147.50
627,2024-01-10,54,10,6,6,780.00,0.01,22.90,Delivered,4633.20,1663.20
628,2024-06-22,97,11,3,7,2450.00,0.03,20.53,Delivered,16635.50,4753.00
629,2024-06-06,181,6,1,5,890.00,0.07,48.28,Shipped,4138.50,1302.00
630,2024-08-19,78,4,5,3,545.00,0.02,69.30,Delivered,1602.30,543.90
631,2024-02-17,114,9,1,8,18.00,0.16,23.25,Shipped,120.96,60.48
632,2024-09-04,188,9,5,6,18.00,0.03,75.64,Delivered,104.76,52.38
633,2024-09-21,174,3,4,1,430.00,0.08,64.10,Shipped,395.60,138.00
634,2024-01-03,80,1,2,6,1299.00,0.08,15.37,Shipped,7170.48,2036.88
635,2024-12-03,191,5,1,5,410.00,0.11,27.32,Shipped,1824.50,667.50
636,2024-05-26,71,9,6,8,18.00,0.12,31.90,Shipped,126.72,63.36
637,2024-02-28,4,10,2,4,780.00,0.10,52.10,Shipped,2808.00,1008.00
638,2024-12-26,73,10,4,3,780.00,0.01,56.77,Shipped,2316.60,831.60
639,2024-08-15,13,3,1,8,430.00,0.16,15.68,Shipped,2889.60,1008.00
640,2024-02-14,110,7,3,8,640.00,0.11,34.81,Delivered,4556.80,1815.60
641,2024-12-31,195,11,2,8,2450.00,0.10,18.78,Delivered,17640.00,5040.00
642,2024-12-23,120,2,8,5,189.00,0.12,63.85,Shipped,831.60,294.80
643,2024-04-28,58,3,5,6,430.00,0.07,63.07,Pending,2399.40,837.00
644,2024-06-15,117,8,1,2,24.00,0.09,37.66,Shipped,43.68,21.84
645,2024-03-28,73,6,3,2,890.00,0.07,64.14,Shipped,1655.40,520.80
646,2024-10-11,167,2,5,8,189.00,0.07,42.18,Pending,1406.16,498.48
647,2024-10-07,41,8,7,2,24.00,0.06,71.42,Shipped,45.12,22.56
648,2024-08-10,146,6,4,3,890.00,0.12,17.69,Delivered,2349.60,739.20
649,2024-10-20,125,2,8,6,189.00,0.10,72.01,Shipped,1020.60,361.80
650,2024-07-26,18,10,2,7,780.00,0.06,59.08,Shipped,5132.40,1842.40
651,2024-04-21,36,10,1,3,780.00,0.12,45.07,Shipped,2059.20,739.20
652,2024-11-11,148,8,4,4,24.00,0.12,35.11,Shipped,84.48,42.24
653,2024-12-13,78,7,6,2,640.00,0.10,56.64,Shipped,1152.00,459.00
654,2024-03-06,76,1,6,1,1299.00,0.00,52.88,Cancelled,1299.00,369.00
655,2024-02-26,73,1,4,7,1299.00,0.13,40.78,Shipped,7910.91,2247.21
656,2024-07-14,104,7,7,4,640.00,0.12,46.67,Shipped,2252.80,897.60
657,2024-07-15,93,7,3,5,640.00,0.18,60.91,Shipped,2624.00,1045.50
658,2024-02-06,166,1,3,8,1299.00,0.12,83.17,Shipped,9144.96,2597.76
659,2024-03-11,165,7,8,7,640.00,0.11,45.17,Shipped,3987.20,1588.65
660,2024-08-18,99,6,4,3,890.00,0.08,12.54,Shipped,2456.40,772.80
661,2024-05-01,183,9,5,7,18.00,0.17,54.07,Shipped,104.58,52.29
662,2024-01-20,146,8,6,2,24.00,0.10,82.21,Shipped,43.20,21.60
663,2024-09-26,193,5,8,2,410.00,0.09,56.54,Shipped,746.20,273.00
664,2024-11-18,190,11,2,5,2450.00,0.11,77.96,Shipped,10902.50,3115.00
665,2024-01-06,121,8,8,6,24.00,0.08,82.12,Delivered,132.48,66.24
666,2024-05-28,43,1,5,5,1299.00,0.01,46.54,Shipped,6430.05,1826.55
667,2024-01-27,169,5,1,5,410.00,0.09,21.26,Shipped,1865.50,682.50
668,2024-05-22,65,3,5,5,430.00,0.15,13.04,Shipped,1827.50,637.50
669,2024-03-30,152,12,3,8,16.00,0.07,24.80,Delivered,119.04,55.80
670,2024-04-30,125,3,1,6,430.00,0.18,82.62,Shipped,2115.60,738.00
671,2024-03-19,127,7,7,4,640.00,0.12,65.00,Shipped,2252.80,897.60
672,2024-10-22,188,6,1,5,890.00,0.14,20.47,Shipped,3827.00,1204.00
673,2024-07-23,122,5,8,4,410.00,0.07,63.51,Shipped,1525.20,558.00
674,2024-03-15,136,7,1,5,640.00,0.17,44.76,Pending,2656.00,1058.25
675,2024-09-28,175,1,2,6,1299.00,0.17,43.52,Delivered,6469.02,1837.62
676,2024-05-19,86,5,5,2,410.00,0.05,54.64,Shipped,779.00,285.00
677,2024-12-11,192,4,4,6,545.00,0.12,84.50,Shipped,2877.60,976.80
678,2024-01-06,173,1,2,1,1299.00,0.07,50.34,Pending,1208.07,343.17
679,2024-06-28,57,12,5,5,16.00,0.03,13.73,Shipped,77.60,36.38
680,2024-10-31,169,4,2,2,545.00,0.02,56.14,Shipped,1068.20,362.60
681,2024-11-27,145,3,2,3,430.00,0.05,46.09,Delivered,1225.50,427.50
682,2024-11-23,117,5,7,6,410.00,0.05,68.99,Shipped,2337.00,855.00
683,2024-02-01,98,7,6,1,640.00,0.05,71.33,Shipped,608.00,242.25
684,2024-02-05,126,4,7,3,545.00,0.12,19.92,Shipped,1438.80,488.40
685,2024-08-08,56,10,2,8,780.00,0.13,19.54,Shipped,5428.80,1948.80
686,2024-10-19,187,5,8,1,410.00,0.16,22.87,Pending,344.40,126.00
687,2024-01-20,171,7,5,3,640.00,0.13,78.04,Shipped,1670.40,665.55
688,2024-09-20,182,8,8,7,24.00,0.07,65.13,Delivered,156.24,78.12
689,2024-02-05,139,4,1,7,545.00,0.17,71.71,Shipped,3166.45,1074.85
690,2024-10-17,138,6,6,5,890.00,0.07,58.16,Cancelled,4138.50,1302.00
691,2024-02-16,94,9,6,2,18.00,0.15,67.51,Shipped,30.60,15.30
692,2024-04-13,46,9,1,7,18.00,0.12,33.82,Shipped,110.88,55.44
693,2024-02-24,162,12,6,8,16.00,0.02,58.19,Delivered,125.44,58.80
694,2024-03-12,10,4,1,4,545.00,0.09,16.60,Shipped,1983.80,673.40
695,2024-06-06,128,9,8,1,18.00,0.01,16.09,Delivered,17.82,8.91
696,2024-01-22,104,2,4,8,189.00,0.17,75.52,Shipped,1254.96,444.88
697,2024-10-23,60,2,1,3,189.00,0.09,13.39,Delivered,515.97,182.91
698,2024-11-12,12,4,3,1,545.00,0.03,15.65,Shipped,528.65,179.45
699,2024-02-19,117,10,3,2,780.00,0.15,19.76,Shipped,1326.00,476.00
700,2024-11-11,57,2,4,7,189.00,0.06,73.02,Delivered,1243.62,440.86
701,2024-07-24,84,2,3,6,189.00,0.15,69.90,Delivered,963.90,341.70
702,2024-10-30,45,6,2,2,890.00,0.05,67.30,Shipped,1691.00,532.00
703,2024-07-08,142,3,8,4,430.00,0.17,14.97,Shipped,1427.60,498.00
704,2024-11-19,157,7,3,1,640.00,0.16,17.89,Shipped,537.60,214.20
705,2024-02-15,181,11,5,7,2450.00,0.12,69.83,Shipped,15092.00,4312.00
706,2024-03-05,53,3,5,8,430.00,0.07,80.48,Pending,3199.20,1116.00
707,2024-01-20,153,3,8,2,430.00,0.11,69.13,Shipped,765.40,267.00
708,2024-01-03,143,4,4,2,545.00,0.18,83.31,Pending,893.80,303.40
709,2024-10-03,130,4,8,4,545.00,0.05,26.14,Delivered,2071.00,703.00
710,2024-12-16,122,8,3,3,24.00,0.12,15.15,Pending,63.36,31.68
711,2024-05-25,54,7,5,6,640.00,0.11,76.98,Shipped,3417.60,1361.70
712,2024-02-23,190,1,3,3,1299.00,0.14,47.41,Shipped,3351.42,952.02
713,2024-04-30,185,8,6,7,24.00,0.04,61.41,Shipped,161.28,80.64
714,2024-02-26,84,4,2,4,545.00,0.13,75.50,Shipped,1896.60,643.80
715,2024-04-22,19,8,8,1,24.00,0.16,22.58,Delivered,20.16,10.08
716,2024-08-20,46,7,6,3,640.00,0.08,26.17,Shipped,1766.40,703.80
717,2024-05-18,52,6,3,1,890.00,0.12,16.35,Shipped,783.20,246.40
718,2024-08-26,118,7,3,6,640.00,0.04,33.55,Shipped,3686.40,1468.80
719,2024-11-22,157,3,4,2,430.00,0.07,50.09,Delivered,799.80,279.00
720,2024-04-20,152,8,8,5,24.00,0.00,43.25,Delivered,120.00,60.00
721,2024-05-06,84,7,4,3,640.00,0.16,77.57,Shipped,1612.80,642.60
722,2024-01-23,11,8,1,7,24.00,0.10,46.99,Delivered,151.20,75.60
723,2024-02-20,116,8,4,2,24.00,0.10,12.91,Delivered,43.20,21.60
724,2024-04-21,34,6,5,4,890.00,0.12,18.62,Shipped,3132.80,985.60
725,2024-06-05,42,12,8,1,16.00,0.18,45.85,Shipped,13.12,6.15
726,2024-12-26,104,3,6,8,430.00,0.13,12.10,Pending,2992.80,1044.00
727,2024-07-16,177,6,1,5,890.00,0.08,31.69,Delivered,4094.00,1288.00
728,2024-10-04,148,4,2,6,545.00,0.13,16.00,Delivered,2844.90,965.70
729,2024-12-11,94,1,2,7,1299.00,0.07,57.20,Shipped,8456.49,2402.19
730,2024-03-30,166,9,2,4,18.00,0.02,36.45,Shipped,70.56,35.28
731,2024-11-28,123,12,4,4,16.00,0.06,77.55,Shipped,60.16,28.20
732,2024-08-04,71,1,2,6,1299.00,0.06,47.49,Shipped,7326.36,2081.16
733,2024-03-03,121,12,5,8,16.00,0.11,70.39,Delivered,113.92,53.40
734,2024-02-03,49,8,2,2,24.00,0.07,25.05,Cancelled,44.64,22.32
735,2024-02-09,28,3,5,2,430.00,0.13,48.23,Delivered,748.20,261.00
736,2024-09-23,161,1,5,7,1299.00,0.17,51.52,Shipped,7547.19,2143.89
737,2024-06-26,108,8,1,5,24.00,0.03,13.61,Delivered,116.40,58.20
738,2024-09-23,166,6,7,6,890.00,0.12,69.44,Shipped,4699.20,1478.40
739,2024-12-06,179,9,8,8,18.00,0.05,21.63,Delivered,136.80,68.40
740,2024-03-28,67,4,8,6,545.00,0.17,68.19,Shipped,2714.10,921.30
741,2024-06-29,73,8,3,3,24.00,0.13,32.82,Cancelled,62.64,31.32
742,2024-12-28,178,11,3,3,2450.00,0.04,15.00,Shipped,7056.00,2016.00
743,2024-03-05,113,5,6,3,410.00,0.04,63.62,Pending,1180.80,432.00
744,2024-06-25,38,6,8,3,890.00,0.10,20.87,Shipped,2403.00,756.00
745,2024-09-12,197,3,8,6,430.00,0.03,82.82,Shipped,2502.60,873.00
746,2024-09-16,85,11,5,8,2450.00,0.16,82.78,Delivered,16464.00,4704.00
747,2024-10-20,171,3,8,6,430.00,0.12,65.41,Delivered,2270.40,792.00
748,2024-03-12,174,9,2,5,18.00,0.00,57.08,Shipped,90.00,45.00
749,2024-07-01,24,6,1,4,890.00,0.11,28.22,Delivered,3168.40,996.80
750,2024-05-22,51,1,2,8,1299.00,0.12,81.91,Cancelled,9144.96,2597.76
751,2024-07-20,50,8,6,1,24.00,0.16,38.36,Shipped,20.16,10.08
752,2024-08-06,95,7,6,1,640.00,0.05,37.65,Cancelled,608.00,242.25
753,2024-10-14,23,4,8,7,545.00,0.14,33.07,Delivered,3280.90,1113.70
754,2024-08-05,187,7,3,2,640.00,0.03,34.14,Cancelled,1241.60,494.70
755,2024-09-25,86,2,7,2,189.00,0.00,58.63,Shipped,378.00,134.00
756,2024-03-30,143,8,3,4,24.00,0.03,39.87,Shipped,93.12,46.56
757,2024-01-22,78,10,5,8,780.00,0.10,45.83,Shipped,5616.00,2016.00
758,2024-01-02,40,5,5,8,410.00,0.02,60.61,Shipped,3214.40,1176.00
759,2024-04-01,126,12,4,1,16.00,0.02,32.24,Cancelled,15.68,7.35
760,2024-02-04,154,12,6,8,16.00,0.10,75.39,Pending,115.20,54.00
761,2024-08-31,178,2,6,1,189.00,0.15,23.89,Shipped,160.65,56.95
762,2024-06-12,119,12,3,6,16.00,0.03,31.90,Shipped,93.12,43.65
763,2024-07-01,13,5,5,2,410.00,0.09,67.95,Shipped,746.20,273.00
764,2024-02-18,154,3,6,6,430.00,0.15,62.00,Shipped,2193.00,765.00
765,2024-12-16,179,12,6,2,16.00,0.10,37.67,Shipped,28.80,13.50
766,2024-03-11,133,5,6,8,410.00,0.07,79.23,Shipped,3050.40,1116.00
767,2024-04-21,40,9,4,4,18.00,0.14,52.78,Pending,61.92,30.96
768,2024-09-26,137,12,2,7,16.00,0.08,17.58,Delivered,103.04,48.30
769,2024-01-09,123,6,5,6,890.00,0.03,44.26,Cancelled,5179.80,1629.60
770,2024-09-24,196,6,3,5,890.00,0.01,71.46,Shipped,4405.50,1386.00
771,2024-12-21,37,12,4,5,16.00,0.02,21.51,Shipped,78.40,36.75
772,2024-12-19,196,2,2,1,189.00,0.14,67.29,Shipped,162.54,57.62
773,2024-02-25,9,11,1,8,2450.00,0.02,30.47,Shipped,19208.00,5488.00
774,2024-12-07,3,2,2,4,189.00,0.11,26.60,Pending,672.84,238.52
775,2024-01-15,24,3,5,6,430.00,0.06,74.43,Delivered,2425.20,846.00
776,2024-11-09,62,9,2,2,18.00,0.15,67.72,Shipped,30.60,15.30
777,2024-04-08,73,3,1,2,430.00,0.17,79.19,Delivered,713.80,249.00
778,2024-08-31,94,12,3,8,16.00,0.12,19.83,Delivered,112.64,52.80
779,2024-07-13,109,4,4,7,545.00,0.02,83.88,Shipped,3738.70,1269.10
780,2024-02-26,134,3,8,6,430.00,0.13,52.67,Shipped,2244.60,783.00
781,2024-06-16,127,2,7,5,189.00,0.08,65.74,Pending,869.40,308.20
782,2024-08-15,58,9,7,5,18.00,0.18,43.24,Delivered,73.80,36.90
783,2024-08-31,174,6,3,1,890.00,0.18,47.89,Shipped,729.80,229.60
784,2024-08-12,134,11,2,2,2450.00,0.03,41.25,Shipped,4753.00,1358.00
785,2024-02-22,190,3,2,6,430.00,0.18,36.72,Shipped,2115.60,738.00
786,2024-07-25,32,4,7,8,545.00,0.05,64.09,Shipped,4142.00,1406.00
787,2024-05-19,194,11,7,6,2450.00,0.09,56.03,Shipped,13377.00,3822.00
788,2024-09-05,131,5,3,8,410.00,0.02,30.30,Shipped,3214.40,1176.00
789,2024-11-17,35,1,2,1,1299.00,0.15,48.36,Shipped,1104.15,313.65
790,2024-04-01,98,10,6,3,780.00,0.05,57.50,Delivered,2223.00,798.00
791,2024-12-04,193,9,8,8,18.00,0.04,60.33,Shipped,138.24,69.12
792,2024-05-13,139,6,1,1,890.00,0.18,76.25,Shipped,729.80,229.60
793,2024-08-18,81,7,8,8,640.00,0.01,24.91,Pending,5068.80,2019.60
794,2024-06-04,181,3,8,7,430.00,0.02,64.25,Shipped,2949.80,1029.00
795,2024-02-26,146,11,8,8,2450.00,0.09,74.37,Shipped,17836.00,5096.00
796,2024-07-19,68,8,7,6,24.00,0.14,32.76,Shipped,123.84,61.92
797,2024-10-29,12,3,6,6,430.00,0.15,54.63,Delivered,2193.00,765.00
798,2024-11-16,88,7,2,7,640.00,0.06,38.09,Shipped,4211.20,1677.90
799,2024-12-04,63,4,4,5,545.00,0.11,78.46,Shipped,2425.25,823.25
800,2024-06-05,30,6,3,1,890.00,0.10,14.73,Pending,801.00,252.00
801,2024-08-04,146,9,7,5,18.00,0.00,46.29,Shipped,90.00,45.00
802,2024-06-11,97,10,7,6,780.00,0.10,71.01,Shipped,4212.00,1512.00
803,2024-12-11,53,6,8,6,890.00,0.03,33.87,Cancelled,5179.80,1629.60
804,2024-04-13,128,11,2,4,2450.00,0.05,15.47,Cancelled,9310.00,2660.00
805,2024-07-24,58,10,2,2,780.00,0.11,31.96,Shipped,1388.40,498.40
806,2024-09-28,122,7,4,6,640.00,0.14,59.56,Shipped,3302.40,1315.80
807,2024-06-02,111,11,6,4,2450.00,0.07,30.34,Shipped,9114.00,2604.00
808,2024-12-09,196,9,3,1,18.00,0.11,49.68,Shipped,16.02,8.01
809,2024-09-12,55,11,8,5,2450.00,0.17,50.89,Pending,10167.50,2905.00
810,2024-08-10,145,12,1,4,16.00,0.07,22.79,Shipped,59.52,27.90
811,2024-12-16,196,5,7,7,410.00,0.06,72.61,Shipped,2697.80,987.00
812,2024-04-14,106,5,5,3,410.00,0.05,55.89,Shipped,1168.50,427.50
813,2024-02-28,39,4,1,4,545.00,0.14,34.67,Shipped,1874.80,636.40
814,2024-08-11,109,11,1,4,2450.00,0.03,21.96,Shipped,9506.00,2716.00
815,2024-05-22,169,9,3,1,18.00,0.17,47.47,Shipped,14.94,7.47
816,2024-02-12,81,10,5,2,780.00,0.16,41.71,Shipped,1310.40,470.40
817,2024-12-02,24,7,3,4,640.00,0.02,65.62,Delivered,2508.80,999.60
818,2024-09-24,171,10,5,8,780.00,0.16,29.38,Shipped,5241.60,1881.60
819,2024-06-09,85,10,7,4,780.00,0.17,27.91,Shipped,2589.60,929.60
820,2024-04-19,71,8,7,5,24.00,0.16,16.08,Shipped,100.80,50.40
821,2024-12-24,29,6,7,8,890.00,0.12,82.32,Delivered,6265.60,1971.20
822,2024-03-15,93,8,6,5,24.00,0.00,82.58,Pending,120.00,60.00
823,2024-12-05,14,12,4,5,16.00,0.10,34.58,Cancelled,72.00,33.75
824,2024-07-04,176,2,4,8,189.00,0.07,78.41,Shipped,1406.16,498.48
825,2024-05-10,78,2,4,5,189.00,0.04,76.99,Delivered,907.20,321.60
826,2024-11-19,82,11,7,1,2450.00,0.05,17.85,Delivered,2327.50,665.00
827,2024-09-08,121,12,7,6,16.00,0.13,76.00,Delivered,83.52,39.15
828,2024-03-23,179,5,2,6,410.00,0.08,65.23,Shipped,2263.20,828.00
829,2024-06-16,117,12,1,1,16.00,0.12,25.41,Shipped,14.08,6.60
830,2024-11-24,35,1,7,4,1299.00,0.11,34.90,Shipped,4624.44,1313.64
831,2024-03-21,64,9,3,7,18.00,0.14,35.32,Shipped,108.36,54.18
832,2024-03-09,67,3,6,5,430.00,0.04,42.26,Shipped,2064.00,720.00
833,2024-07-12,147,4,1,1,545.00,0.17,59.24,Pending,452.35,153.55
834,2024-02-15,119,4,5,3,545.00,0.01,57.11,Pending,1618.65,549.45
835,2024-03-17,23,6,3,2,890.00,0.00,50.39,Delivered,1780.00,560.00
836,2024-08-20,173,8,2,4,24.00,0.13,25.91,Delivered,83.52,41.76
837,2024-05-16,74,12,8,7,16.00,0.02,74.51,Pending,109.76,51.45
838,2024-05-24,187,11,4,7,2450.00,0.03,69.85,Shipped,16635.50,4753.00
839,2024-05-14,61,10,8,4,780.00,0.07,61.95,Shipped,2901.60,1041.60
840,2024-01-06,121,3,6,7,430.00,0.12,64.07,Delivered,2648.80,924.00
841,2024-11-01,66,2,2,1,189.00,0.01,79.97,Shipped,187.11,66.33
842,2024-06-30,156,11,1,1,2450.00,0.05,57.24,Shipped,2327.50,665.00
843,2024-07-21,172,6,3,1,890.00,0.10,31.00,Shipped,801.00,252.00
844,2024-06-22,120,3,2,6,430.00,0.13,43.60,Shipped,2244.60,783.00
845,2024-06-09,12,3,8,5,430.00,0.13,79.62,Shipped,1870.50,652.50
846,2024-05-14,157,5,6,7,410.00,0.16,35.03,Cancelled,2410.80,882.00
847,2024-03-18,143,11,8,1,2450.00,0.03,15.98,Shipped,2376.50,679.00
848,2024-08-28,67,3,8,7,430.00,0.02,77.35,Shipped,2949.80,1029.00
849,2024-08-14,92,12,8,8,16.00,0.09,73.75,Delivered,116.48,54.60
850,2024-03-04,90,2,4,5,189.00,0.03,24.29,Shipped,916.65,324.95
851,2024-05-19,145,11,4,1,2450.00,0.09,53.67,Shipped,2229.50,637.00
852,2024-02-09,64,8,2,6,24.00,0.00,61.74,Pending,144.00,72.00
853,2024-07-20,96,10,2,6,780.00,0.03,17.92,Delivered,4539.60,1629.60
854,2024-12-03,123,8,5,1,24.00,0.06,15.20,Pending,22.56,11.28
855,2024-08-19,84,12,3,4,16.00,0.16,70.51,Shipped,53.76,25.20
856,2024-01-29,191,2,7,2,189.00,0.07,24.99,Cancelled,351.54,124.62
857,2024-07-23,23,1,4,3,1299.00,0.07,41.37,Pending,3624.21,1029.51
858,2024-11-30,40,2,5,8,189.00,0.14,65.72,Delivered,1300.32,460.96
859,2024-12-16,155,3,6,2,430.00,0.15,49.42,Shipped,731.00,255.00
860,2024-07-17,122,5,7,2,410.00,0.14,71.20,Pending,705.20,258.00
861,2024-08-10,162,7,2,1,640.00,0.09,83.05,Pending,582.40,232.05
862,2024-11-27,176,12,3,8,16.00,0.09,59.25,Shipped,116.48,54.60
863,2024-08-27,112,2,8,5,189.00,0.03,21.33,Delivered,916.65,324.95
864,2024-05-07,134,7,5,1,640.00,0.10,78.96,Shipped,576.00,229.50
865,2024-09-18,109,7,2,8,640.00,0.12,53.50,Shipped,4505.60,1795.20
866,2024-05-10,150,2,1,2,189.00,0.13,45.79,Delivered,328.86,116.58
867,2024-07-20,12,2,7,5,189.00,0.06,64.86,Delivered,888.30,314.90
868,2024-08-18,160,5,6,3,410.00,0.04,17.71,Cancelled,1180.80,432.00
869,2024-05-12,173,2,7,1,189.00,0.00,20.52,Shipped,189.00,67.00
870,2024-09-01,118,12,7,8,16.00,0.05,71.36,Pending,121.60,57.00
871,2024-12-19,173,12,7,5,16.00,0.02,21.86,Shipped,78.40,36.75
872,2024-01-09,179,4,1,4,545.00,0.09,22.60,Shipped,1983.80,673.40
873,2024-11-16,138,4,2,5,545.00,0.14,22.82,Shipped,2343.50,795.50
874,2024-02-29,43,3,8,8,430.00,0.08,74.77,Shipped,3164.80,1104.00
875,2024-04-13,76,10,7,1,780.00,0.06,19.49,Delivered,733.20,263.20
876,2024-08-09,107,8,5,1,24.00,0.09,47.49,Shipped,21.84,10.92
877,2024-11-09,174,8,4,1,24.00,0.10,42.81,Shipped,21.60,10.80
878,2024-02-02,69,11,7,8,2450.00,0.02,57.46,Pending,19208.00,5488.00
879,2024-08-17,179,7,1,3,640.00,0.05,26.03,Shipped,1824.00,726.75
880,2024-04-28,130,4,6,8,545.00,0.02,33.42,Delivered,4272.80,1450.40
881,2024-08-01,173,11,6,8,2450.00,0.14,73.65,Pending,16856.00,4816.00
882,2024-05-24,177,12,2,8,16.00,0.02,26.56,Pending,125.44,58.80
883,2024-02-21,107,8,5,4,24.00,0.04,15.43,Shipped,92.16,46.08
884,2024-05-13,92,11,3,3,2450.00,0.15,77.30,Shipped,6247.50,1785.00
885,2024-02-02,87,7,2,4,640.00,0.02,28.36,Shipped,2508.80,999.60
886,2024-06-23,91,1,5,3,1299.00,0.15,75.78,Pending,3312.45,940.95
887,2024-02-23,181,1,8,8,1299.00,0.17,67.17,Cancelled,8625.36,2450.16
888,2024-11-08,157,2,1,2,189.00,0.03,20.62,Shipped,366.66,129.98
889,2024-07-04,41,12,5,8,16.00,0.14,48.38,Delivered,110.08,51.60
890,2024-03-19,166,6,6,3,890.00,0.02,26.74,Cancelled,2616.60,823.20
891,2024-01-04,63,8,6,5,24.00,0.09,18.22,Shipped,109.20,54.60
892,2024-07-31,93,11,4,3,2450.00,0.14,50.66,Delivered,6321.00,1806.00
893,2024-03-11,110,7,7,8,640.00,0.17,49.68,Pending,4249.60,1693.20
894,2024-01-16,114,3,1,2,430.00,0.02,34.98,Cancelled,842.80,294.00
895,2024-03-25,112,1,7,1,1299.00,0.12,58.83,Delivered,1143.12,324.72
896,2024-01-30,162,12,5,7,16.00,0.07,61.70,Shipped,104.16,48.82
897,2024-06-04,185,12,6,6,16.00,0.00,32.42,Shipped,96.00,45.00
898,2024-03-16,180,7,8,4,640.00,0.16,57.58,Pending,2150.40,856.80
899,2024-08-14,179,6,7,4,890.00,0.16,18.15,Shipped,2990.40,940.80
900,2024-07-18,186,12,3,5,16.00,0.04,49.35,Shipped,76.80,36.00
901,2024-06-23,194,11,3,1,2450.00,0.01,70.15,Shipped,2425.50,693.00
902,2024-05-03,199,5,7,2,410.00,0.13,73.44,Shipped,713.40,261.00
903,2024-09-16,91,2,1,2,189.00,0.08,53.79,Shipped,347.76,123.28
904,2024-06-22,61,12,4,6,16.00,0.05,60.69,Delivered,91.20,42.75
905,2024-10-20,173,3,7,4,430.00,0.02,49.70,Shipped,1685.60,588.00
906,2024-07-03,117,2,3,7,189.00,0.15,17.98,Shipped,1124.55,398.65
907,2024-03-07,122,4,8,2,545.00,0.07,50.42,Shipped,1013.70,344.10
908,2024-09-22,200,7,5,8,640.00,0.11,84.75,Pending,4556.80,1815.60
909,2024-09-07,188,7,3,3,640.00,0.09,47.39,Shipped,1747.20,696.15
910,2024-12-26,132,9,2,4,18.00,0.08,14.38,Shipped,66.24,33.12
911,2024-10-13,95,2,7,2,189.00,0.02,53.74,Shipped,370.44,131.32
912,2024-03-19,31,6,5,6,890.00,0.05,47.47,Delivered,5073.00,1596.00
913,2024-03-13,151,7,1,5,640.00,0.16,27.74,Delivered,2688.00,1071.00
914,2024-09-07,1,2,6,2,189.00,0.16,42.48,Shipped,317.52,112.56
915,2024-10-16,116,6,7,8,890.00,0.15,72.86,Shipped,6052.00,1904.00
916,2024-03-11,130,11,8,8,2450.00,0.12,22.88,Delivered,17248.00,4928.00
917,2024-02-15,160,11,7,7,2450.00,0.04,40.86,Shipped,16464.00,4704.00
918,2024-12-09,114,12,5,2,16.00,0.16,63.63,Shipped,26.88,12.60
919,2024-12-28,80,9,2,2,18.00,0.03,57.17,Shipped,34.92,17.46
920,2024-01-28,146,9,4,8,18.00,0.09,13.36,Pending,131.04,65.52
921,2024-09-29,47,1,5,4,1299.00,0.04,63.51,Delivered,4988.16,1416.96
922,2024-08-15,22,9,6,7,18.00,0.11,47.88,Delivered,112.14,56.07
923,2024-06-23,112,3,7,1,430.00,0.15,35.17,Shipped,365.50,127.50
924,2024-02-28,26,9,3,5,18.00,0.03,30.66,Shipped,87.30,43.65
925,2024-06-06,105,11,3,1,2450.00,0.11,35.75,Shipped,2180.50,623.00
926,2024-01-30,77,7,2,6,640.00,0.03,77.19,Shipped,3724.80,1484.10
927,2024-03-02,14,4,4,4,545.00,0.09,66.92,Shipped,1983.80,673.40
928,2024-02-28,69,1,6,8,1299.00,0.10,16.78,Shipped,9352.80,2656.80
929,2024-11-20,60,1,5,2,1299.00,0.04,52.49,Delivered,2494.08,708.48
930,2024-06-04,146,7,8,2,640.00,0.15,48.53,Delivered,1088.00,433.50
931,2024-03-13,96,9,3,4,18.00,0.10,42.93,Delivered,64.80,32.40
932,2024-08-19,11,1,8,5,1299.00,0.12,24.22,Shipped,5715.60,1623.60
933,2024-09-03,70,10,5,7,780.00,0.18,73.50,Shipped,4477.20,1607.20
934,2024-09-18,73,1,3,2,1299.00,0.05,40.86,Shipped,2468.10,701.10
935,2024-03-12,186,9,5,7,18.00,0.04,48.85,Delivered,120.96,60.48
936,2024-12-15,88,11,5,8,2450.00,0.05,60.35,Shipped,18620.00,5320.00
937,2024-04-17,118,10,6,1,780.00,0.16,21.76,Delivered,655.20,235.20
938,2024-11-07,122,1,1,3,1299.00,0.07,77.35,Delivered,3624.21,1029.51
939,2024-07-20,138,2,2,1,189.00,0.16,71.57,Shipped,158.76,56.28
940,2024-03-04,91,7,6,7,640.00,0.03,68.06,Pending,4345.60,1731.45
941,2024-01-05,32,8,6,4,24.00,0.08,28.17,Shipped,88.32,44.16
942,2024-05-23,175,12,6,4,16.00,0.02,56.78,Shipped,62.72,29.40
943,2024-04-23,60,8,6,1,24.00,0.05,78.03,Delivered,22.80,11.40
944,2024-04-17,2,4,7,2,545.00,0.16,53.54,Shipped,915.60,310.80
945,2024-10-09,50,11,3,2,2450.00,0.11,66.46,Shipped,4361.00,1246.00
946,2024-10-18,59,9,5,4,18.00,0.15,13.69,Cancelled,61.20,30.60
947,2024-12-13,137,10,5,8,780.00,0.00,43.18,Pending,6240.00,2240.00
948,2024-11-28,14,6,7,7,890.00,0.05,61.65,Shipped,5918.50,1862.00
949,2024-07-04,133,1,4,1,1299.00,0.05,42.66,Shipped,1234.05,350.55
950,2024-01-03,101,4,6,2,545.00,0.16,70.96,Cancelled,915.60,310.80
951,2024-04-25,177,7,2,4,640.00,0.04,36.03,Shipped,2457.60,979.20
952,2024-11-16,25,1,8,7,1299.00,0.15,55.25,Pending,7729.05,2195.55
953,2024-06-20,65,4,2,8,545.00,0.04,36.88,Shipped,4185.60,1420.80
954,2024-06-19,134,4,2,8,545.00,0.14,57.65,Shipped,3749.60,1272.80
955,2024-02-13,16,1,7,6,1299.00,0.16,62.62,Delivered,6546.96,1859.76
956,2024-02-01,114,1,5,7,1299.00,0.01,61.46,Shipped,9002.07,2557.17
957,2024-05-30,98,7,2,7,640.00,0.04,55.77,Pending,4300.80,1713.60
958,2024-01-06,117,7,8,7,640.00,0.16,57.20,Shipped,3763.20,1499.40
959,2024-12-11,7,8,6,4,24.00,0.02,12.90,Delivered,94.08,47.04
960,2024-10-30,50,10,3,5,780.00,0.06,47.14,Pending,3666.00,1316.00
961,2024-04-05,63,3,1,1,430.00,0.02,54.67,Shipped,421.40,147.00
962,2024-11-29,194,6,5,3,890.00,0.03,34.53,Shipped,2589.90,814.80
963,2024-07-07,3,9,3,1,18.00,0.04,71.80,Shipped,17.28,8.64
964,2024-01-28,109,6,4,4,890.00,0.12,26.69,Shipped,3132.80,985.60
965,2024-04-06,171,8,8,6,24.00,0.15,53.33,Shipped,122.40,61.20
966,2024-06-02,108,6,3,2,890.00,0.08,69.61,Shipped,1637.60,515.20
967,2024-04-22,1,11,4,4,2450.00,0.08,27.56,Shipped,9016.00,2576.00
968,2024-06-18,190,7,4,7,640.00,0.03,84.26,Shipped,4345.60,1731.45
969,2024-02-07,92,1,2,3,1299.00,0.05,26.19,Shipped,3702.15,1051.65
970,2024-07-03,12,1,4,4,1299.00,0.05,27.98,Shipped,4936.20,1402.20
971,2024-03-30,87,9,4,3,18.00,0.04,24.85,Shipped,51.84,25.92
972,2024-02-21,6,11,3,7,2450.00,0.12,76.61,Shipped,15092.00,4312.00
973,2024-04-17,79,8,4,6,24.00,0.15,60.25,Delivered,122.40,61.20
974,2024-11-15,112,12,2,2,16.00,0.03,79.46,Delivered,31.04,14.55
975,2024-04-08,137,7,6,6,640.00,0.11,83.32,Shipped,3417.60,1361.70
976,2024-01-24,196,10,4,5,780.00,0.14,35.92,Shipped,3354.00,1204.00
977,2024-05-23,33,9,8,4,18.00,0.13,69.28,Delivered,62.64,31.32
978,2024-11-10,17,3,7,6,430.00,0.09,45.89,Shipped,2347.80,819.00
979,2024-07-10,135,12,8,8,16.00,0.09,54.43,Pending,116.48,54.60
980,2024-10-25,167,1,4,4,1299.00,0.16,45.00,Shipped,4364.64,1239.84
981,2024-04-21,79,7,7,3,640.00,0.17,39.31,Shipped,1593.60,634.95
982,2024-03-09,193,2,5,8,189.00,0.09,28.80,Shipped,1375.92,487.76
983,2024-09-19,160,6,7,8,890.00,0.08,41.85,Delivered,6550.40,2060.80
984,2024-06-11,70,7,1,3,640.00,0.08,31.39,Shipped,1766.40,703.80
985,2024-02-12,76,9,2,5,18.00,0.17,19.18,Shipped,74.70,37.35
986,2024-01-20,140,4,6,4,545.00,0.12,30.25,Delivered,1918.40,651.20
987,2024-12-15,71,4,3,5,545.00,0.00,33.86,Delivered,2725.00,925.00
988,2024-07-25,104,10,1,8,780.00,0.12,84.22,Cancelled,5491.20,1971.20
989,2024-07-22,59,4,4,8,545.00,0.04,54.85,Shipped,4185.60,1420.80
990,2024-08-27,185,8,6,2,24.00,0.06,25.71,Delivered,45.12,22.56
991,2024-12-23,107,4,8,8,545.00,0.15,14.20,Shipped,3706.00,1258.00
992,2024-03-06,79,12,1,8,16.00,0.15,72.90,Shipped,108.80,51.00
993,2024-08-02,109,11,7,5,2450.00,0.06,13.70,Delivered,11515.00,3290.00
994,2024-03-12,40,6,7,7,890.00,0.04,40.52,Shipped,5980.80,1881.60
995,2024-04-06,122,2,6,8,189.00,0.12,34.24,Shipped,1330.56,471.68
996,2024-12-11,142,3,1,8,430.00,0.00,26.53,Delivered,3440.00,1200.00
997,2024-07-16,73,4,4,5,545.00,0.12,17.11,Shipped,2398.00,814.00
998,2024-09-22,3,3,6,7,430.00,0.07,84.24,Shipped,2799.30,976.50
999,2024-08-02,123,12,2,7,16.00,0.17,75.20,Shipped,92.96,43.57
1000,2024-04-15,80,7,8,3,640.00,0.11,80.56,Shipped,1708.80,680.85
1001,2024-09-14,184,11,8,5,2450.00,0.04,84.35,Shipped,11760.00,3360.00
1002,2024-07-23,155,4,6,8,545.00,0.08,54.06,Delivered,4011.20,1361.60
1003,2024-05-27,166,8,6,5,24.00,0.07,72.11,Delivered,111.60,55.80
1004,2024-07-31,64,3,7,8,430.00,0.07,60.11,Pending,3199.20,1116.00
1005,2024-02-18,101,12,1,4,16.00,0.16,23.53,Delivered,53.76,25.20
1006,2024-10-02,75,11,2,4,2450.00,0.16,42.02,Delivered,8232.00,2352.00
1007,2024-03-03,95,2,2,6,189.00,0.07,24.03,Shipped,1054.62,373.86
1008,2024-01-23,119,1,2,8,1299.00,0.07,66.45,Delivered,9664.56,2745.36
1009,2024-07-22,10,1,5,2,1299.00,0.13,21.96,Pending,2260.26,642.06
1010,2024-08-25,125,8,2,2,24.00,0.10,29.69,Cancelled,43.20,21.60
1011,2024-03-12,121,5,3,3,410.00,0.15,56.31,Shipped,1045.50,382.50
1012,2024-03-04,137,12,7,3,16.00,0.01,67.74,Pending,47.52,22.27
1013,2024-03-19,113,6,3,4,890.00,0.13,77.17,Shipped,3097.20,974.40
1014,2024-08-14,179,1,2,7,1299.00,0.12,44.41,Shipped,8001.84,2273.04
1015,2024-01-25,198,7,4,4,640.00,0.07,29.41,Shipped,2380.80,948.60
1016,2024-08-03,8,1,6,4,1299.00,0.12,16.61,Cancelled,4572.48,1298.88
1017,2024-02-19,171,3,3,1,430.00,0.07,19.86,Shipped,399.90,139.50
1018,2024-10-14,161,4,4,7,545.00,0.17,20.82,Shipped,3166.45,1074.85
1019,2024-07-01,83,3,1,7,430.00,0.12,12.87,Shipped,2648.80,924.00
1020,2024-04-22,17,11,5,6,2450.00,0.01,76.64,Shipped,14553.00,4158.00
1021,2024-11-02,128,2,3,5,189.00,0.17,55.79,Cancelled,784.35,278.05
1022,2024-12-22,100,11,3,6,2450.00,0.03,67.61,Pending,14259.00,4074.00
1023,2024-12-07,124,2,6,1,189.00,0.11,54.71,Shipped,168.21,59.63
1024,2024-11-23,190,4,1,4,545.00,0.00,67.40,Shipped,2180.00,740.00
1025,2024-05-01,189,7,4,2,640.00,0.01,39.34,Shipped,1267.20,504.90
1026,2024-03-18,97,4,1,4,545.00,0.17,55.66,Delivered,1809.40,614.20
1027,2024-06-17,35,5,6,1,410.00,0.09,83.36,Pending,373.10,136.50
1028,2024-05-27,193,1,4,6,1299.00,0.06,27.02,Shipped,7326.36,2081.16
1029,2024-12-06,64,11,4,7,2450.00,0.09,25.40,Pending,15606.50,4459.00
1030,2024-02-03,126,2,4,1,189.00,0.11,22.33,Shipped,168.21,59.63
1031,2024-02-16,45,10,4,4,780.00,0.09,43.12,Shipped,2839.20,1019.20
1032,2024-03-25,185,4,4,7,545.00,0.03,30.17,Shipped,3700.55,1256.15
1033,2024-08-17,163,4,5,8,545.00,0.01,83.00,Shipped,4316.40,1465.20
1034,2024-03-26,121,8,7,7,24.00,0.14,71.83,Delivered,144.48,72.24
1035,2024-01-11,196,7,7,2,640.00,0.14,79.27,Shipped,1100.80,438.60
1036,2024-03-19,142,12,3,5,16.00,0.07,34.33,Shipped,74.40,34.88
1037,2024-10-14,156,8,2,6,24.00,0.02,46.26,Shipped,141.12,70.56
1038,2024-04-07,2,1,6,8,1299.00,0.07,42.35,Shipped,9664.56,2745.36
1039,2024-07-10,99,8,5,2,24.00,0.07,14.83,Delivered,44.64,22.32
1040,2024-07-16,145,3,4,7,430.00,0.17,68.30,Delivered,2498.30,871.50
1041,2024-06-27,131,12,8,6,16.00,0.13,59.52,Delivered,83.52,39.15
1042,2024-05-06,63,8,1,6,24.00,0.11,61.38,Pending,128.16,64.08
1043,2024-11-26,38,5,8,3,410.00,0.05,55.96,Cancelled,1168.50,427.50
1044,2024-03-23,4,2,2,7,189.00,0.07,54.79,Delivered,1230.39,436.17
1045,2024-09-22,49,7,3,7,640.00,0.05,34.06,Cancelled,4256.00,1695.75
1046,2024-12-03,98,10,5,7,780.00,0.14,79.48,Delivered,4695.60,1685.60
1047,2024-02-25,163,10,6,3,780.00,0.05,27.30,Delivered,2223.00,798.00
1048,2024-12-23,79,1,3,8,1299.00,0.00,17.10,Pending,10392.00,2952.00
1049,2024-09-25,107,11,5,7,2450.00,0.03,39.35,Delivered,16635.50,4753.00
1050,2024-04-11,125,3,2,8,430.00,0.10,27.52,Shipped,3096.00,1080.00
1051,2024-04-03,195,4,5,7,545.00,0.08,78.65,Shipped,3509.80,1191.40
1052,2024-11-21,43,2,5,2,189.00,0.07,32.20,Shipped,351.54,124.62
1053,2024-10-26,61,8,8,2,24.00,0.00,31.42,Cancelled,48.00,24.00
1054,2024-12-06,150,1,2,4,1299.00,0.09,12.53,Pending,4728.36,1343.16
1055,2024-05-16,125,8,6,7,24.00,0.06,61.78,Shipped,157.92,78.96
1056,2024-06-10,62,6,7,7,890.00,0.11,83.20,Delivered,5544.70,1744.40
1057,2024-02-21,1,8,7,3,24.00,0.00,20.97,Shipped,72.00,36.00
1058,2024-12-24,193,4,6,8,545.00,0.11,60.10,Shipped,3880.40,1317.20
1059,2024-07-30,170,4,1,6,545.00,0.00,38.30,Shipped,3270.00,1110.00
1060,2024-06-15,174,8,4,8,24.00,0.07,56.72,Shipped,178.56,89.28
1061,2024-08-07,122,11,2,7,2450.00,0.05,26.24,Shipped,16292.50,4655.00
1062,2024-09-23,147,12,1,3,16.00,0.09,18.36,Delivered,43.68,20.48
1063,2024-10-07,120,3,8,2,430.00,0.09,51.47,Shipped,782.60,273.00
1064,2024-03-28,193,11,2,2,2450.00,0.08,64.25,Shipped,4508.00,1288.00
1065,2024-06-16,99,5,4,5,410.00,0.12,81.46,Pending,1804.00,660.00
1066,2024-12-06,35,9,8,2,18.00,0.14,36.29,Shipped,30.96,15.48
1067,2024-10-21,197,10,2,6,780.00,0.07,64.37,Delivered,4352.40,1562.40
1068,2024-07-14,168,11,7,4,2450.00,0.04,20.45,Shipped,9408.00,2688.00
1069,2024-02-15,88,12,4,2,16.00,0.10,21.30,Shipped,28.80,13.50
1070,2024-07-13,148,12,1,5,16.00,0.01,51.10,Delivered,79.20,37.12
1071,2024-08-04,82,6,3,4,890.00,0.02,12.67,Delivered,3488.80,1097.60
1072,2024-06-10,38,5,4,8,410.00,0.12,22.76,Shipped,2886.40,1056.00
1073,2024-12-06,180,1,6,5,1299.00,0.09,62.27,Shipped,5910.45,1678.95
1074,2024-12-27,147,8,4,8,24.00,0.05,82.55,Shipped,182.40,91.20
1075,2024-06-19,40,12,4,4,16.00,0.13,15.84,Delivered,55.68,26.10
1076,2024-04-01,125,12,7,5,16.00,0.18,60.13,Delivered,65.60,30.75
1077,2024-01-12,141,7,6,7,640.00,0.12,84.29,Delivered,3942.40,1570.80
1078,2024-07-19,19,9,5,5,18.00,0.13,26.24,Delivered,78.30,39.15
1079,2024-07-20,25,3,6,1,430.00,0.15,63.80,Shipped,365.50,127.50
1080,2024-03-24,148,3,8,8,430.00,0.05,22.57,Shipped,3268.00,1140.00
1081,2024-04-10,189,11,1,6,2450.00,0.13,54.02,Pending,12789.00,3654.00
1082,2024-03-16,97,7,3,1,640.00,0.02,83.11,Shipped,627.20,249.90
1083,2024-01-27,31,9,6,7,18.00,0.17,57.77,Shipped,104.58,52.29
1084,2024-01-18,31,4,7,8,545.00,0.05,55.52,Shipped,4142.00,1406.00
1085,2024-07-11,199,12,2,8,16.00,0.16,59.47,Shipped,107.52,50.40
1086,2024-11-30,114,6,1,2,890.00,0.02,20.91,Pending,1744.40,548.80
1087,2024-09-17,58,1,8,5,1299.00,0.12,18.90,Shipped,5715.60,1623.60
1088,2024-07-15,124,11,7,5,2450.00,0.10,19.26,Shipped,11025.00,3150.00
1089,2024-10-02,48,7,1,7,640.00,0.10,51.16,Delivered,4032.00,1606.50
1090,2024-09-07,17,9,2,4,18.00,0.17,77.52,Shipped,59.76,29.88
1091,2024-11-02,178,3,1,8,430.00,0.14,20.98,Shipped,2958.40,1032.00
1092,2024-04-15,168,3,2,5,430.00,0.15,14.56,Cancelled,1827.50,637.50
1093,2024-09-16,77,6,3,7,890.00,0.18,60.05,Shipped,5108.60,1607.20
1094,2024-01-24,133,5,8,3,410.00,0.10,62.74,Shipped,1107.00,405.00
1095,2024-06-29,156,9,4,2,18.00,0.12,15.27,Shipped,31.68,15.84
1096,2024-03-13,77,4,3,4,545.00,0.11,32.25,Delivered,1940.20,658.60
1097,2024-08-04,20,9,5,5,18.00,0.07,77.97,Shipped,83.70,41.85
1098,2024-02-12,66,11,7,3,2450.00,0.10,17.15,Delivered,6615.00,1890.00
1099,2024-11-20,179,11,4,6,2450.00,0.10,59.29,Shipped,13230.00,3780.00
1100,2024-03-24,108,3,6,7,430.00,0.07,82.37,Shipped,2799.30,976.50
1101,2024-05-18,32,9,2,7,18.00,0.01,58.73,Shipped,124.74,62.37
1102,2024-06-19,200,5,3,4,410.00,0.05,19.15,Cancelled,1558.00,570.00
1103,2024-04-23,97,2,2,3,189.00,0.09,75.91,Shipped,515.97,182.91
1104,2024-09-07,25,9,6,5,18.00,0.10,56.35,Delivered,81.00,40.50
1105,2024-03-28,82,7,3,6,640.00,0.15,61.48,Delivered,3264.00,1300.50
1106,2024-10-09,153,7,8,3,640.00,0.05,62.13,Delivered,1824.00,726.75
1107,2024-12-02,33,3,7,5,430.00,0.01,64.96,Cancelled,2128.50,742.50
1108,2024-12-28,200,4,7,8,545.00,0.03,84.00,Delivered,4229.20,1435.60
1109,2024-09-14,74,5,7,4,410.00,0.05,74.63,Delivered,1558.00,570.00
1110,2024-07-27,198,6,2,2,890.00,0.01,29.52,Shipped,1762.20,554.40
1111,2024-10-21,15,2,5,8,189.00,0.15,12.78,Delivered,1285.20,455.60
1112,2024-12-12,131,12,3,8,16.00,0.09,62.01,Pending,116.48,54.60
1113,2024-09-29,179,2,7,1,189.00,0.11,78.49,Delivered,168.21,59.63
1114,2024-12-31,109,12,6,4,16.00,0.18,60.27,Delivered,52.48,24.60
1115,2024-09-27,176,10,1,8,780.00,0.17,61.24,Delivered,5179.20,1859.20
1116,2024-09-25,58,3,2,6,430.00,0.15,49.50,Cancelled,2193.00,765.00
1117,2024-08-04,127,7,3,6,640.00,0.17,36.67,Pending,3187.20,1269.90
1118,2024-10-03,197,2,5,5,189.00,0.09,31.33,Shipped,859.95,304.85
1119,2024-11-19,146,7,4,5,640.00,0.17,82.02,Shipped,2656.00,1058.25
1120,2024-01-19,119,10,8,1,780.00,0.06,56.93,Shipped,733.20,263.20
1121,2024-06-30,28,1,6,3,1299.00,0.07,12.65,Shipped,3624.21,1029.51
1122,2024-04-11,22,9,3,7,18.00,0.02,47.58,Shipped,123.48,61.74
1123,2024-12-02,65,4,8,7,545.00,0.07,38.61,Delivered,3547.95,1204.35
1124,2024-10-01,69,2,8,8,189.00,0.03,37.82,Shipped,1466.64,519.92
1125,2024-07-02,182,4,2,4,545.00,0.05,21.76,Shipped,2071.00,703.00
1126,2024-06-18,9,3,4,8,430.00,0.17,83.75,Shipped,2855.20,996.00
1127,2024-09-07,141,8,3,6,24.00,0.14,68.96,Shipped,123.84,61.92
1128,2024-07-18,34,2,2,1,189.00,0.02,37.12,Shipped,185.22,65.66
1129,2024-12-16,61,1,6,7,1299.00,0.18,65.83,Shipped,7456.26,2118.06
1130,2024-05-28,73,8,2,7,24.00,0.04,23.13,Shipped,161.28,80.64
1131,2024-05-07,72,2,5,4,189.00,0.12,43.33,Shipped,665.28,235.84
1132,2024-02-22,180,12,3,4,16.00,0.18,55.16,Pending,52.48,24.60
1133,2024-04-27,31,3,7,1,430.00,0.05,26.03,Shipped,408.50,142.50
1134,2024-01-10,158,4,2,1,545.00,0.07,50.32,Delivered,506.85,172.05
1135,2024-04-28,57,6,7,8,890.00,0.01,43.18,Shipped,7048.80,2217.60
1136,2024-02-26,69,6,5,6,890.00,0.13,30.03,Delivered,4645.80,1461.60
1137,2024-04-03,11,1,1,6,1299.00,0.04,46.46,Delivered,7482.24,2125.44
1138,2024-02-21,111,3,5,8,430.00,0.07,34.22,Shipped,3199.20,1116.00
1139,2024-01-07,175,9,3,6,18.00,0.06,71.13,Delivered,101.52,50.76
1140,2024-10-28,136,10,6,4,780.00,0.12,27.33,Shipped,2745.60,985.60
1141,2024-02-24,34,11,2,1,2450.00,0.11,78.59,Pending,2180.50,623.00
1142,2024-04-07,50,12,8,2,16.00,0.01,51.90,Shipped,31.68,14.85
1143,2024-08-30,195,4,3,1,545.00,0.02,42.53,Delivered,534.10,181.30
1144,2024-10-13,89,6,8,2,890.00,0.16,16.94,Shipped,1495.20,470.40
1145,2024-09-14,6,3,5,3,430.00,0.05,81.77,Shipped,1225.50,427.50
1146,2024-12-21,49,12,7,8,16.00,0.12,75.53,Cancelled,112.64,52.80
1147,2024-03-25,113,9,7,7,18.00,0.07,31.82,Shipped,117.18,58.59
1148,2024-03-22,147,4,1,8,545.00,0.09,64.60,Shipped,3967.60,1346.80
1149,2024-04-22,76,12,5,2,16.00,0.03,15.33,Shipped,31.04,14.55
1150,2024-01-21,164,3,5,3,430.00,0.05,69.72,Pending,1225.50,427.50
1151,2024-05-07,54,9,2,1,18.00,0.12,58.19,Cancelled,15.84,7.92
1152,2024-06-15,22,12,5,3,16.00,0.07,56.64,Shipped,44.64,20.92
1153,2024-01-30,161,1,6,4,1299.00,0.13,32.42,Shipped,4520.52,1284.12
1154,2024-01-09,138,11,2,7,2450.00,0.17,30.79,Pending,14234.50,4067.00
1155,2024-11-05,142,4,8,4,545.00,0.06,26.89,Pending,2049.20,695.60
1156,2024-07-21,40,8,4,7,24.00,0.07,77.86,Shipped,156.24,78.12
1157,2024-04-02,118,3,3,4,430.00,0.10,80.86,Shipped,1548.00,540.00
1158,2024-05-24,6,5,3,3,410.00,0.15,62.18,Shipped,1045.50,382.50
1159,2024-03-14,19,7,4,8,640.00,0.16,82.84,Shipped,4300.80,1713.60
1160,2024-09-26,36,12,1,2,16.00,0.07,13.51,Delivered,29.76,13.95
1161,2024-11-25,12,3,4,2,430.00,0.05,80.52,Shipped,817.00,285.00
1162,2024-01-05,28,9,6,2,18.00,0.04,47.07,Shipped,34.56,17.28
1163,2024-08-15,42,5,6,8,410.00,0.03,16.08,Pending,3181.60,1164.00
1164,2024-11-17,140,2,1,1,189.00,0.02,33.66,Shipped,185.22,65.66
1165,2024-07-31,37,1,4,1,1299.00,0.04,40.13,Shipped,1247.04,354.24
1166,2024-05-26,58,11,7,2,2450.00,0.09,84.33,Shipped,4459.00,1274.00
1167,2024-05-24,92,2,6,2,189.00,0.06,79.50,Shipped,355.32,125.96
1168,2024-01-23,155,3,3,7,430.00,0.10,55.77,Pending,2709.00,945.00
1169,2024-03-17,171,11,5,5,2450.00,0.06,19.59,Delivered,11515.00,3290.00
1170,2024-12-04,95,5,2,1,410.00,0.16,83.40,Delivered,344.40,126.00
1171,2024-03-16,82,3,7,8,430.00,0.13,69.34,Shipped,2992.80,1044.00
1172,2024-02-04,29,10,7,5,780.00,0.03,35.58,Shipped,3783.00,1358.00
1173,2024-07-16,91,6,8,7,890.00,0.09,83.02,Pending,5669.30,1783.60
1174,2024-11-21,86,3,4,7,430.00,0.08,48.29,Shipped,2769.20,966.00
1175,2024-09-29,138,4,7,2,545.00,0.10,42.79,Shipped,981.00,333.00
1176,2024-12-21,192,4,2,4,545.00,0.07,26.84,Delivered,2027.40,688.20
1177,2024-07-04,143,8,3,2,24.00,0.01,37.50,Delivered,47.52,23.76
1178,2024-03-12,76,8,3,7,24.00,0.04,72.43,Shipped,161.28,80.64
1179,2024-03-11,31,12,3,7,16.00,0.13,62.82,Shipped,97.44,45.67
1180,2024-01-28,180,2,2,8,189.00,0.15,75.54,Shipped,1285.20,455.60
1181,2024-07-06,37,2,4,2,189.00,0.00,72.67,Shipped,378.00,134.00
1182,2024-04-03,121,12,3,5,16.00,0.08,64.75,Shipped,73.60,34.50
1183,2024-11-26,178,1,5,2,1299.00,0.03,76.32,Shipped,2520.06,715.86
1184,2024-03-29,129,3,1,7,430.00,0.15,61.63,Delivered,2558.50,892.50
1185,2024-10-10,183,5,5,4,410.00,0.08,23.45,Cancelled,1508.80,552.00
1186,2024-09-24,97,3,4,7,430.00,0.11,27.98,Shipped,2678.90,934.50
1187,2024-10-13,155,2,8,8,189.00,0.06,58.86,Delivered,1421.28,503.84
1188,2024-03-25,14,6,7,4,890.00,0.05,19.62,Shipped,3382.00,1064.00
1189,2024-06-20,8,4,5,3,545.00,0.10,16.77,Shipped,1471.50,499.50
1190,2024-06-07,49,9,4,1,18.00,0.04,18.21,Shipped,17.28,8.64
1191,2024-01-23,145,8,1,1,24.00,0.06,80.88,Shipped,22.56,11.28
1192,2024-07-01,193,5,7,4,410.00,0.06,40.52,Shipped,1541.60,564.00
1193,2024-03-07,180,11,2,6,2450.00,0.07,66.13,Shipped,13671.00,3906.00
1194,2024-03-17,7,10,7,8,780.00,0.11,74.20,Shipped,5553.60,1993.60
1195,2024-03-18,175,8,2,2,24.00,0.17,28.90,Shipped,39.84,19.92
1196,2024-12-14,168,3,3,6,430.00,0.08,21.58,Shipped,2373.60,828.00
1197,2024-11-15,111,1,7,4,1299.00,0.04,56.56,Shipped,4988.16,1416.96
1198,2024-03-19,146,11,8,2,2450.00,0.14,22.41,Delivered,4214.00,1204.00
1199,2024-10-07,23,8,2,8,24.00,0.06,80.19,Shipped,180.48,90.24
1200,2024-05-23,148,6,6,2,890.00,0.01,63.88,Shipped,1762.20,554.40
1201,2024-08-30,66,8,3,2,24.00,0.17,47.64,Shipped,39.84,19.92
1202,2024-05-26,103,7,3,8,640.00,0.07,73.67,Cancelled,4761.60,1897.20
1203,2024-07-10,22,11,7,8,2450.00,0.05,75.91,Pending,18620.00,5320.00
1204,2024-11-13,165,1,4,1,1299.00,0.03,19.69,Shipped,1260.03,357.93
1205,2024-10-18,103,2,4,7,189.00,0.16,60.85,Shipped,1111.32,393.96
1206,2024-08-27,165,9,8,2,18.00,0.02,65.42,Delivered,35.28,17.64
1207,2024-07-22,197,7,4,7,640.00,0.06,35.16,Cancelled,4211.20,1677.90
1208,2024-09-05,55,12,8,2,16.00,0.05,14.79,Shipped,30.40,14.25
1209,2024-08-28,38,11,4,6,2450.00,0.10,84.11,Delivered,13230.00,3780.00
1210,2024-02-01,93,7,8,4,640.00,0.01,75.37,Cancelled,2534.40,1009.80
1211,2024-12-16,109,5,5,3,410.00,0.02,17.06,Shipped,1205.40,441.00
1212,2024-06-01,183,8,7,4,24.00,0.12,30.94,Delivered,84.48,42.24
1213,2024-02-17,110,6,5,3,890.00,0.04,80.76,Shipped,2563.20,806.40
1214,2024-10-01,177,3,7,6,430.00,0.16,53.63,Delivered,2167.20,756.00
1215,2024-10-14,153,4,2,3,545.00,0.06,84.00,Delivered,1536.90,521.70
1216,2024-06-11,4,3,8,3,430.00,0.09,35.10,Delivered,1173.90,409.50
1217,2024-12-11,105,5,1,8,410.00,0.17,74.58,Pending,2722.40,996.00
1218,2024-11-23,149,2,1,4,189.00,0.13,25.70,Pending,657.72,233.16
1219,2024-03-26,154,7,4,6,640.00,0.04,25.95,Pending,3686.40,1468.80
1220,2024-01-08,95,6,1,5,890.00,0.16,48.65,Delivered,3738.00,1176.00
1221,2024-12-24,128,11,8,7,2450.00,0.07,37.71,Shipped,15949.50,4557.00
1222,2024-09-24,196,6,2,3,890.00,0.08,39.24,Shipped,2456.40,772.80
1223,2024-03-24,139,7,7,5,640.00,0.15,62.26,Shipped,2720.00,1083.75
1224,2024-05-25,180,10,2,2,780.00,0.15,19.58,Pending,1326.00,476.00
1225,2024-11-11,106,2,8,2,189.00,0.11,48.75,Delivered,336.42,119.26
1226,2024-12-07,75,7,4,4,640.00,0.14,52.27,Shipped,2201.60,877.20
1227,2024-08-28,32,6,8,7,890.00,0.16,59.07,Delivered,5233.20,1646.40
1228,2024-07-21,2,6,4,5,890.00,0.05,60.08,Shipped,4227.50,1330.00
1229,2024-07-31,173,4,1,7,545.00,0.01,13.92,Delivered,3776.85,1282.05
1230,2024-09-22,190,10,6,6,780.00,0.03,53.77,Shipped,4539.60,1629.60
1231,2024-10-11,101,4,7,1,545.00,0.14,54.18,Shipped,468.70,159.10
1232,2024-11-21,100,12,3,7,16.00,0.16,49.76,Shipped,94.08,44.10
1233,2024-02-20,182,3,2,7,430.00,0.15,57.79,Shipped,2558.50,892.50
1234,2024-10-10,41,6,4,2,890.00,0.02,43.93,Pending,1744.40,548.80
1235,2024-10-30,40,1,2,7,1299.00,0.00,65.59,Cancelled,9093.00,2583.00
1236,2024-11-20,162,6,3,4,890.00,0.12,28.19,Shipped,3132.80,985.60
1237,2024-05-05,186,7,5,1,640.00,0.05,80.25,Pending,608.00,242.25
1238,2024-11-22,149,2,2,8,189.00,0.17,20.96,Shipped,1254.96,444.88
1239,2024-05-14,47,2,2,8,189.00,0.15,78.63,Shipped,1285.20,455.60
1240,2024-02-21,126,1,7,2,1299.00,0.09,57.67,Shipped,2364.18,671.58
1241,2024-08-02,97,6,8,3,890.00,0.03,12.74,Shipped,2589.90,814.80
1242,2024-10-17,162,10,1,2,780.00,0.18,84.54,Shipped,1279.20,459.20
1243,2024-11-10,154,9,1,3,18.00,0.09,30.58,Shipped,49.14,24.57
1244,2024-11-06,8,9,1,3,18.00,0.04,38.64,Delivered,51.84,25.92
1245,2024-01-16,84,3,4,2,430.00,0.13,80.61,Shipped,748.20,261.00
1246,2024-09-03,52,2,6,5,189.00,0.08,71.06,Shipped,869.40,308.20
1247,2024-07-23,50,5,3,4,410.00,0.12,76.77,Shipped,1443.20,528.00
1248,2024-07-20,27,10,5,3,780.00,0.14,81.62,Shipped,2012.40,722.40
1249,2024-08-16,109,10,5,6,780.00,0.11,56.33,Shipped,4165.20,1495.20
1250,2024-10-17,91,6,2,8,890.00,0.03,14.46,Shipped,6906.40,2172.80
1251,2024-10-27,105,5,6,7,410.00,0.01,25.13,Shipped,2841.30,1039.50
1252,2024-04-05,92,4,2,4,545.00,0.12,39.15,Delivered,1918.40,651.20
1253,2024-03-03,3,6,1,6,890.00,0.04,53.43,Shipped,5126.40,1612.80
1254,2024-04-29,144,2,7,5,189.00,0.11,50.49,Shipped,841.05,298.15
1255,2024-05-22,184,10,2,7,780.00,0.12,43.77,Delivered,4804.80,1724.80
1256,2024-04-11,51,1,8,8,1299.00,0.01,32.03,Shipped,10288.08,2922.48
1257,2024-08-19,44,10,6,7,780.00,0.04,13.55,Shipped,5241.60,1881.60
1258,2024-10-21,2,8,5,3,24.00,0.15,41.41,Delivered,61.20,30.60
1259,2024-09-27,11,6,1,2,890.00,0.08,72.58,Shipped,1637.60,515.20
1260,2024-06-03,71,6,6,7,890.00,0.01,68.55,Shipped,6167.70,1940.40
1261,2024-01-25,101,5,8,8,410.00,0.15,82.60,Shipped,2788.00,1020.00
1262,2024-07-10,159,2,1,4,189.00,0.01,12.76,Shipped,748.44,265.32
1263,2024-06-14,177,12,7,4,16.00,0.03,25.95,Delivered,62.08,29.10
1264,2024-07-07,138,1,1,5,1299.00,0.16,15.14,Shipped,5455.80,1549.80
1265,2024-06-04,20,5,6,7,410.00,0.05,24.43,Shipped,2726.50,997.50
1266,2024-08-23,31,3,6,3,430.00,0.14,76.81,Cancelled,1109.40,387.00
1267,2024-07-30,164,8,2,4,24.00,0.10,60.27,Cancelled,86.40,43.20
1268,2024-06-13,198,12,8,4,16.00,0.02,67.93,Delivered,62.72,29.40
1269,2024-06-29,143,4,4,2,545.00,0.01,48.11,Shipped,1079.10,366.30
1270,2024-12-09,56,8,7,4,24.00,0.09,36.85,Delivered,87.36,43.68
1271,2024-09-27,132,6,5,8,890.00,0.12,73.89,Shipped,6265.60,1971.20
1272,2024-03-07,57,6,7,8,890.00,0.16,49.48,Delivered,5980.80,1881.60
1273,2024-04-06,18,5,7,3,410.00,0.12,81.46,Shipped,1082.40,396.00
1274,2024-02-22,38,8,2,2,24.00,0.04,77.27,Shipped,46.08,23.04
1275,2024-01-15,122,11,8,6,2450.00,0.05,79.67,Shipped,13965.00,3990.00
1276,2024-08-08,55,3,7,7,430.00,0.09,15.88,Shipped,2739.10,955.50
1277,2024-02-20,13,11,7,7,2450.00,0.03,25.83,Shipped,16635.50,4753.00
1278,2024-05-21,136,10,8,7,780.00,0.02,15.64,Shipped,5350.80,1920.80
1279,2024-02-26,57,2,1,1,189.00,0.10,29.43,Shipped,170.10,60.30
1280,2024-05-21,58,10,7,7,780.00,0.07,28.05,Delivered,5077.80,1822.80
1281,2024-12-20,69,8,4,3,24.00,0.14,37.38,Shipped,61.92,30.96
1282,2024-11-01,74,12,1,2,16.00,0.03,78.27,Pending,31.04,14.55
1283,2024-06-05,177,4,3,6,545.00,0.12,24.17,Shipped,2877.60,976.80
1284,2024-08-21,37,1,8,7,1299.00,0.06,24.96,Shipped,8547.42,2428.02
1285,2024-02-09,44,11,1,6,2450.00,0.17,54.57,Shipped,12201.00,3486.00
1286,2024-05-06,121,2,1,1,189.00,0.10,84.30,Delivered,170.10,60.30
1287,2024-09-25,129,3,3,2,430.00,0.02,70.68,Shipped,842.80,294.00
1288,2024-09-08,189,6,5,8,890.00,0.05,45.49,Delivered,6764.00,2128.00
1289,2024-06-03,182,6,8,2,890.00,0.05,49.91,Pending,1691.00,532.00
1290,2024-03-16,106,4,3,6,545.00,0.09,29.84,Delivered,2975.70,1010.10
1291,2024-08-08,93,4,2,4,545.00,0.17,39.58,Shipped,1809.40,614.20
1292,2024-05-20,161,11,8,3,2450.00,0.05,61.57,Delivered,6982.50,1995.00
1293,2024-07-19,151,7,5,5,640.00,0.03,54.30,Delivered,3104.00,1236.75
1294,2024-11-09,32,7,8,6,640.00,0.05,82.77,Shipped,3648.00,1453.50
1295,2024-12-16,38,8,3,5,24.00,0.11,60.50,Shipped,106.80,53.40
1296,2024-05-27,17,5,1,8,410.00,0.01,32.66,Shipped,3247.20,1188.00
1297,2024-01-28,126,5,1,7,410.00,0.06,72.89,Shipped,2697.80,987.00
1298,2024-03-11,90,5,3,2,410.00,0.13,22.41,Delivered,713.40,261.00
1299,2024-08-09,150,2,5,4,189.00,0.01,80.10,Shipped,748.44,265.32
1300,2024-12-13,164,7,7,7,640.00,0.17,19.16,Shipped,3718.40,1481.55
1301,2024-06-03,153,5,3,7,410.00,0.12,35.54,Shipped,2525.60,924.00
1302,2024-12-15,197,4,5,3,545.00,0.07,26.57,Shipped,1520.55,516.15
1303,2024-06-01,146,11,8,3,2450.00,0.07,75.94,Shipped,6835.50,1953.00
1304,2024-03-11,135,8,6,6,24.00,0.08,43.22,Shipped,132.48,66.24
1305,2024-07-29,119,1,1,7,1299.00,0.02,22.26,Delivered,8911.14,2531.34
1306,2024-05-04,149,9,6,3,18.00,0.11,77.69,Delivered,48.06,24.03
1307,2024-01-28,194,7,3,7,640.00,0.12,45.78,Delivered,3942.40,1570.80
1308,2024-09-22,118,1,2,1,1299.00,0.05,83.99,Shipped,1234.05,350.55
1309,2024-10-31,25,5,8,6,410.00,0.16,20.87,Shipped,2066.40,756.00
1310,2024-09-18,190,12,1,4,16.00,0.09,53.03,Cancelled,58.24,27.30
1311,2024-03-10,58,11,3,5,2450.00,0.11,64.50,Delivered,10902.50,3115.00
1312,2024-09-05,160,12,4,2,16.00,0.01,23.17,Delivered,31.68,14.85
1313,2024-09-23,25,4,4,2,545.00,0.09,72.79,Shipped,991.90,336.70
1314,2024-01-29,32,5,7,8,410.00,0.18,71.88,Delivered,2689.60,984.00
1315,2024-10-06,67,10,8,2,780.00,0.08,58.44,Shipped,1435.20,515.20
1316,2024-12-02,62,3,4,8,430.00,0.09,33.13,Shipped,3130.40,1092.00
1317,2024-10-28,127,6,5,7,890.00,0.07,70.39,Shipped,5793.90,1822.80
1318,2024-08-05,38,1,5,8,1299.00,0.02,40.43,Shipped,10184.16,2892.96
1319,2024-01-18,166,11,8,1,2450.00,0.16,37.90,Shipped,2058.00,588.00
1320,2024-08-22,71,1,3,6,1299.00,0.09,74.85,Shipped,7092.54,2014.74
1321,2024-12-27,135,7,2,3,640.00,0.12,37.69,Delivered,1689.60,673.20
1322,2024-06-22,118,12,3,5,16.00,0.14,60.07,Delivered,68.80,32.25
1323,2024-02-04,166,8,7,8,24.00,0.11,25.17,Delivered,170.88,85.44
1324,2024-09-16,199,11,5,3,2450.00,0.13,54.99,Shipped,6394.50,1827.00
1325,2024-10-26,159,7,2,1,640.00,0.01,65.50,Shipped,633.60,252.45
1326,2024-12-06,28,8,8,6,24.00,0.14,83.64,Delivered,123.84,61.92
1327,2024-05-01,27,3,7,7,430.00,0.17,16.52,Shipped,2498.30,871.50
1328,2024-01-20,192,2,8,6,189.00,0.11,73.37,Delivered,1009.26,357.78
1329,2024-06-13,28,12,8,7,16.00,0.02,58.53,Shipped,109.76,51.45
1330,2024-04-10,65,8,8,5,24.00,0.04,66.18,Shipped,115.20,57.60
1331,2024-09-27,50,2,1,2,189.00,0.04,71.13,Delivered,362.88,128.64
1332,2024-07-03,199,7,2,6,640.00,0.03,65.29,Delivered,3724.80,1484.10
1333,2024-11-24,136,8,4,4,24.00,0.10,46.58,Shipped,86.40,43.20
1334,2024-11-12,144,3,2,8,430.00,0.08,39.46,Shipped,3164.80,1104.00
1335,2024-02-10,33,9,5,2,18.00,0.02,28.83,Pending,35.28,17.64
1336,2024-06-18,6,4,5,5,545.00,0.07,38.13,Delivered,2534.25,860.25
1337,2024-03-21,74,2,4,5,189.00,0.07,16.14,Pending,878.85,311.55
1338,2024-02-26,150,8,5,1,24.00,0.01,42.76,Shipped,23.76,11.88
1339,2024-01-31,36,4,6,1,545.00,0.04,17.32,Delivered,523.20,177.60
1340,2024-11-08,180,1,6,2,1299.00,0.17,55.66,Pending,2156.34,612.54
1341,2024-02-11,142,8,3,5,24.00,0.13,19.60,Shipped,104.40,52.20
1342,2024-04-25,167,6,7,8,890.00,0.05,74.04,Cancelled,6764.00,2128.00
1343,2024-01-11,15,1,4,7,1299.00,0.12,65.87,Shipped,8001.84,2273.04
1344,2024-01-27,100,7,3,7,640.00,0.13,52.12,Shipped,3897.60,1552.95
1345,2024-03-01,158,6,6,4,890.00,0.06,79.02,Shipped,3346.40,1052.80
1346,2024-02-17,151,1,4,7,1299.00,0.13,76.85,Delivered,7910.91,2247.21
1347,2024-10-17,12,1,4,1,1299.00,0.01,21.25,Shipped,1286.01,365.31
1348,2024-01-23,81,6,4,5,890.00,0.02,41.04,Pending,4361.00,1372.00
1349,2024-12-02,20,2,5,4,189.00,0.09,65.67,Shipped,687.96,243.88
1350,2024-04-22,114,12,5,6,16.00,0.14,33.37,Pending,82.56,38.70
1351,2024-09-26,69,6,2,1,890.00,0.06,41.99,Cancelled,836.60,263.20
1352,2024-09-05,72,2,4,3,189.00,0.15,50.03,Shipped,481.95,170.85
1353,2024-10-10,54,2,6,3,189.00,0.01,29.16,Shipped,561.33,198.99
1354,2024-08-20,30,1,8,1,1299.00,0.05,54.94,Shipped,1234.05,350.55
1355,2024-02-13,16,5,7,8,410.00,0.00,39.93,Shipped,3280.00,1200.00
1356,2024-04-24,53,7,3,7,640.00,0.10,60.21,Shipped,4032.00,1606.50
1357,2024-06-27,7,10,6,5,780.00,0.15,55.14,Delivered,3315.00,1190.00
1358,2024-06-23,186,10,7,7,780.00,0.14,79.79,Delivered,4695.60,1685.60
1359,2024-02-25,142,7,5,8,640.00,0.08,64.50,Delivered,4710.40,1876.80
1360,2024-05-13,42,7,8,4,640.00,0.02,13.11,Delivered,2508.80,999.60
1361,2024-05-20,22,4,5,6,545.00,0.10,14.82,Shipped,2943.00,999.00
1362,2024-05-17,169,5,1,2,410.00,0.06,60.24,Delivered,770.80,282.00
1363,2024-04-01,114,8,1,8,24.00,0.00,14.70,Shipped,192.00,96.00
1364,2024-11-22,143,4,7,1,545.00,0.10,17.81,Delivered,490.50,166.50
1365,2024-10-09,81,2,8,3,189.00,0.05,69.43,Shipped,538.65,190.95
1366,2024-09-10,33,4,3,3,545.00,0.16,59.89,Shipped,1373.40,466.20
1367,2024-12-01,10,3,8,6,430.00,0.01,64.37,Shipped,2554.20,891.00
1368,2024-12-31,67,5,1,6,410.00,0.10,15.27,Shipped,2214.00,810.00
1369,2024-02-25,20,9,8,2,18.00,0.09,29.30,Shipped,32.76,16.38
1370,2024-07-09,175,7,2,7,640.00,0.16,22.44,Shipped,3763.20,1499.40
1371,2024-07-03,86,7,6,8,640.00,0.17,33.47,Shipped,4249.60,1693.20
1372,2024-07-07,12,5,3,1,410.00,0.02,27.44,Shipped,401.80,147.00
1373,2024-09-17,149,12,6,4,16.00,0.07,54.54,Pending,59.52,27.90
1374,2024-03-17,98,11,2,2,2450.00,0.17,84.44,Shipped,4067.00,1162.00
1375,2024-10-21,162,9,7,2,18.00,0.15,50.53,Shipped,30.60,15.30
1376,2024-08-29,169,9,8,6,18.00,0.05,73.03,Shipped,102.60,51.30
1377,2024-05-04,85,4,6,4,545.00,0.08,66.62,Shipped,2005.60,680.80
1378,2024-05-03,114,12,7,6,16.00,0.01,52.91,Shipped,95.04,44.55
1379,2024-07-04,168,8,4,8,24.00,0.14,28.77,Delivered,165.12,82.56
1380,2024-03-05,138,4,7,3,545.00,0.11,70.10,Shipped,1455.15,493.95
1381,2024-03-01,21,7,7,3,640.00,0.10,58.18,Delivered,1728.00,688.50
1382,2024-04-02,117,1,3,2,1299.00,0.08,67.88,Delivered,2390.16,678.96
1383,2024-08-28,191,2,3,1,189.00,0.15,13.75,Shipped,160.65,56.95
1384,2024-02-07,34,9,7,7,18.00,0.06,41.37,Shipped,118.44,59.22
1385,2024-12-30,76,2,6,6,189.00,0.11,57.01,Cancelled,1009.26,357.78
1386,2024-01-24,19,12,6,8,16.00,0.16,58.05,Delivered,107.52,50.40
1387,2024-08-11,75,8,3,3,24.00,0.13,55.04,Delivered,62.64,31.32
1388,2024-09-17,22,3,1,6,430.00,0.12,45.11,Shipped,2270.40,792.00
1389,2024-03-31,131,12,5,2,16.00,0.04,48.01,Shipped,30.72,14.40
1390,2024-09-22,135,10,7,5,780.00,0.06,35.26,Shipped,3666.00,1316.00
1391,2024-03-14,11,12,4,7,16.00,0.09,53.99,Pending,101.92,47.77
1392,2024-02-20,89,5,3,2,410.00,0.05,47.52,Shipped,779.00,285.00
1393,2024-03-27,74,5,2,4,410.00,0.12,22.29,Shipped,1443.20,528.00
1394,2024-09-17,194,3,1,1,430.00,0.17,51.41,Delivered,356.90,124.50
1395,2024-01-04,126,1,6,4,1299.00,0.05,81.20,Shipped,4936.20,1402.20
1396,2024-08-15,134,3,8,5,430.00,0.17,64.29,Delivered,1784.50,622.50
1397,2024-03-02,114,7,8,5,640.00,0.02,21.99,Shipped,3136.00,1249.50
1398,2024-12-08,30,6,2,4,890.00,0.13,35.88,Shipped,3097.20,974.40
1399,2024-05-21,117,11,2,6,2450.00,0.16,14.80,Shipped,12348.00,3528.00
1400,2024-12-27,134,6,4,1,890.00,0.17,57.79,Shipped,738.70,232.40
1401,2024-10-27,97,4,4,5,545.00,0.08,47.37,Shipped,2507.00,851.00
1402,2024-09-11,73,3,4,2,430.00,0.17,74.57,Delivered,713.80,249.00
1403,2024-01-02,112,2,8,4,189.00,0.13,14.83,Pending,657.72,233.16
1404,2024-11-10,98,11,4,6,2450.00,0.09,59.96,Shipped,13377.00,3822.00
1405,2024-06-02,60,5,8,8,410.00,0.14,40.63,Shipped,2820.80,1032.00
1406,2024-09-03,76,2,4,2,189.00,0.17,77.47,Delivered,313.74,111.22
1407,2024-08-02,115,6,4,7,890.00,0.02,45.93,Shipped,6105.40,1920.80
1408,2024-02-28,89,12,7,3,16.00,0.14,47.31,Delivered,41.28,19.35
1409,2024-09-07,154,7,4,1,640.00,0.05,49.05,Delivered,608.00,242.25
1410,2024-07-28,16,9,6,5,18.00,0.12,42.02,Delivered,79.20,39.60
1411,2024-08-05,103,5,1,5,410.00,0.09,27.98,Pending,1865.50,682.50
1412,2024-01-24,79,8,7,4,24.00,0.10,24.16,Shipped,86.40,43.20
1413,2024-11-16,29,10,6,3,780.00,0.11,13.45,Delivered,2082.60,747.60
1414,2024-07-13,24,12,6,6,16.00,0.14,52.36,Pending,82.56,38.70
1415,2024-09-22,54,6,4,3,890.00,0.15,40.87,Delivered,2269.50,714.00
1416,2024-05-28,42,6,6,7,890.00,0.04,65.53,Delivered,5980.80,1881.60
1417,2024-01-19,6,9,2,7,18.00,0.14,15.09,Shipped,108.36,54.18
1418,2024-01-13,59,11,4,1,2450.00,0.05,21.03,Delivered,2327.50,665.00
1419,2024-12-01,103,3,5,2,430.00,0.01,48.83,Delivered,851.40,297.00
1420,2024-07-31,6,1,3,2,1299.00,0.13,69.86,Shipped,2260.26,642.06
1421,2024-11-06,80,6,7,1,890.00,0.05,45.50,Shipped,845.50,266.00
1422,2024-12-01,148,8,7,5,24.00,0.08,28.22,Shipped,110.40,55.20
1423,2024-05-22,124,5,4,7,410.00,0.00,48.28,Shipped,2870.00,1050.00
1424,2024-07-09,196,9,2,8,18.00,0.04,83.19,Shipped,138.24,69.12
1425,2024-04-28,115,6,8,2,890.00,0.12,36.27,Delivered,1566.40,492.80
1426,2024-02-12,25,9,3,4,18.00,0.16,47.76,Shipped,60.48,30.24
1427,2024-03-13,104,10,8,4,780.00,0.01,48.02,Shipped,3088.80,1108.80
1428,2024-06-21,39,1,6,7,1299.00,0.16,31.57,Shipped,7638.12,2169.72
1429,2024-10-14,126,9,8,6,18.00,0.17,29.21,Shipped,89.64,44.82
1430,2024-09-04,132,9,2,2,18.00,0.08,17.66,Shipped,33.12,16.56
1431,2024-01-07,42,9,2,3,18.00,0.04,75.49,Shipped,51.84,25.92
1432,2024-08-05,127,3,8,3,430.00,0.13,51.94,Shipped,1122.30,391.50
1433,2024-05-31,31,7,5,5,640.00,0.09,56.90,Shipped,2912.00,1160.25
1434,2024-11-28,43,3,5,4,430.00,0.14,81.50,Shipped,1479.20,516.00
1435,2024-11-05,65,8,8,4,24.00,0.17,79.68,Delivered,79.68,39.84
1436,2024-03-10,43,9,8,1,18.00,0.06,25.08,Shipped,16.92,8.46
1437,2024-01-03,80,12,4,4,16.00,0.12,51.25,Shipped,56.32,26.40
1438,2024-02-01,160,8,3,2,24.00,0.06,52.82,Shipped,45.12,22.56
1439,2024-11-17,4,4,5,5,545.00,0.15,75.37,Shipped,2316.25,786.25
1440,2024-06-05,95,10,7,5,780.00,0.10,58.84,Shipped,3510.00,1260.00
1441,2024-10-30,40,2,4,5,189.00,0.03,53.15,Shipped,916.65,324.95
1442,2024-09-24,151,11,7,6,2450.00,0.10,74.30,Pending,13230.00,3780.00
1443,2024-11-11,172,8,4,3,24.00,0.00,28.92,Shipped,72.00,36.00
1444,2024-11-10,38,3,3,8,430.00,0.16,35.60,Delivered,2889.60,1008.00
1445,2024-01-27,36,9,8,7,18.00,0.12,35.88,Shipped,110.88,55.44
1446,2024-03-01,62,9,7,7,18.00,0.14,63.56,Shipped,108.36,54.18
1447,2024-09-24,82,9,2,4,18.00,0.17,81.02,Delivered,59.76,29.88
1448,2024-12-30,37,7,8,8,640.00,0.13,30.29,Shipped,4454.40,1774.80
1449,2024-08-10,167,6,3,1,890.00,0.16,74.44,Delivered,747.60,235.20
1450,2024-06-26,187,7,4,4,640.00,0.07,25.07,Delivered,2380.80,948.60
1451,2024-01-06,51,8,6,4,24.00,0.00,34.66,Shipped,96.00,48.00
1452,2024-07-07,65,9,1,5,18.00,0.01,32.07,Shipped,89.10,44.55
1453,2024-01-23,179,12,5,5,16.00,0.11,82.89,Delivered,71.20,33.38
1454,2024-08-29,156,11,8,8,2450.00,0.03,66.75,Pending,19012.00,5432.00
1455,2024-10-06,27,1,6,1,1299.00,0.11,64.07,Delivered,1156.11,328.41
1456,2024-03-31,34,2,7,2,189.00,0.01,58.54,Shipped,374.22,132.66
1457,2024-02-19,140,5,4,1,410.00,0.06,61.06,Delivered,385.40,141.00
1458,2024-12-29,44,10,6,1,780.00,0.17,41.43,Delivered,647.40,232.40
1459,2024-12-08,16,2,4,3,189.00,0.13,18.13,Shipped,493.29,174.87
1460,2024-05-21,156,4,7,3,545.00,0.11,73.48,Delivered,1455.15,493.95
1461,2024-06-08,71,9,6,2,18.00,0.06,53.48,Pending,33.84,16.92
1462,2024-10-16,119,2,2,2,189.00,0.03,18.31,Shipped,366.66,129.98
1463,2024-11-16,6,3,1,4,430.00,0.11,45.61,Delivered,1530.80,534.00
1464,2024-05-06,79,11,4,3,2450.00,0.06,39.69,Shipped,6909.00,1974.00
1465,2024-05-22,36,10,6,7,780.00,0.04,25.74,Delivered,5241.60,1881.60
1466,2024-03-31,76,5,8,5,410.00,0.02,37.93,Shipped,2009.00,735.00
1467,2024-11-24,134,8,3,1,24.00,0.17,54.72,Shipped,19.92,9.96
1468,2024-10-18,54,12,7,6,16.00,0.12,61.79,Shipped,84.48,39.60
1469,2024-06-24,180,9,5,2,18.00,0.09,27.38,Shipped,32.76,16.38
1470,2024-05-13,9,2,3,8,189.00,0.03,54.84,Shipped,1466.64,519.92
1471,2024-07-12,169,10,1,6,780.00,0.13,57.95,Delivered,4071.60,1461.60
1472,2024-01-05,41,7,8,6,640.00,0.06,77.92,Shipped,3609.60,1438.20
1473,2024-07-02,79,3,8,3,430.00,0.14,44.05,Pending,1109.40,387.00
1474,2024-10-30,148,12,7,7,16.00,0.09,29.78,Delivered,101.92,47.77
1475,2024-11-03,87,8,7,5,24.00,0.01,79.82,Shipped,118.80,59.40
1476,2024-09-16,28,7,7,5,640.00,0.17,41.25,Shipped,2656.00,1058.25
1477,2024-09-19,43,5,4,3,410.00,0.02,36.32,Cancelled,1205.40,441.00
1478,2024-02-16,80,3,6,8,430.00,0.07,45.62,Pending,3199.20,1116.00
1479,2024-04-12,45,5,5,2,410.00,0.03,74.62,Shipped,795.40,291.00
1480,2024-05-05,40,11,6,1,2450.00,0.09,37.16,Shipped,2229.50,637.00
1481,2024-12-17,101,12,4,8,16.00,0.12,72.69,Delivered,112.64,52.80
1482,2024-02-19,100,3,6,3,430.00,0.07,35.88,Shipped,1199.70,418.50
1483,2024-12-11,187,7,7,2,640.00,0.06,60.90,Cancelled,1203.20,479.40
1484,2024-01-14,57,10,3,4,780.00,0.07,36.81,Delivered,2901.60,1041.60
1485,2024-11-08,154,7,2,4,640.00,0.02,25.72,Shipped,2508.80,999.60
1486,2024-08-10,24,6,7,3,890.00,0.08,32.80,Shipped,2456.40,772.80
1487,2024-09-03,9,5,7,3,410.00,0.03,61.81,Delivered,1193.10,436.50
1488,2024-08-26,22,6,2,7,890.00,0.14,12.89,Shipped,5357.80,1685.60
1489,2024-10-21,130,7,8,1,640.00,0.09,82.07,Shipped,582.40,232.05
1490,2024-01-28,78,7,5,2,640.00,0.11,70.58,Shipped,1139.20,453.90
1491,2024-07-09,200,8,6,6,24.00,0.02,25.06,Shipped,141.12,70.56
1492,2024-07-15,173,2,3,1,189.00,0.06,80.19,Shipped,177.66,62.98
1493,2024-04-11,132,10,8,7,780.00,0.01,32.57,Shipped,5405.40,1940.40
1494,2024-09-07,118,6,1,6,890.00,0.05,36.63,Shipped,5073.00,1596.00
1495,2024-01-13,139,5,3,5,410.00,0.06,13.28,Shipped,1927.00,705.00
1496,2024-11-21,10,10,2,6,780.00,0.13,50.78,Shipped,4071.60,1461.60
1497,2024-03-30,22,9,2,3,18.00,0.13,58.20,Shipped,46.98,23.49
1498,2024-05-20,89,8,4,8,24.00,0.01,35.84,Shipped,190.08,95.04
1499,2024-11-07,186,11,2,7,2450.00,0.09,64.95,Shipped,15606.50,4459.00
1500,2024-11-22,192,5,7,7,410.00,0.00,81.38,Shipped,2870.00,1050.00
1501,2024-11-30,191,2,7,2,189.00,0.14,53.68,Cancelled,325.08,115.24
1502,2024-11-11,132,9,4,1,18.00,0.07,46.52,Delivered,16.74,8.37
1503,2024-08-11,71,12,3,5,16.00,0.09,15.34,Shipped,72.80,34.12
1504,2024-04-02,174,5,5,1,410.00,0.07,13.37,Shipped,381.30,139.50
1505,2024-03-07,71,5,8,6,410.00,0.02,28.41,Delivered,2410.80,882.00
1506,2024-04-23,17,10,5,8,780.00,0.11,58.34,Shipped,5553.60,1993.60
1507,2024-07-18,122,9,1,6,18.00,0.06,37.28,Shipped,101.52,50.76
1508,2024-08-24,191,8,4,3,24.00,0.12,30.67,Shipped,63.36,31.68
1509,2024-10-19,21,11,8,6,2450.00,0.01,66.60,Shipped,14553.00,4158.00
1510,2024-06-04,75,6,8,8,890.00,0.01,57.61,Shipped,7048.80,2217.60
1511,2024-06-29,145,7,7,1,640.00,0.14,32.72,Delivered,550.40,219.30
1512,2024-04-30,97,9,3,7,18.00,0.11,74.03,Shipped,112.14,56.07
1513,2024-04-21,55,2,5,3,189.00,0.16,67.98,Cancelled,476.28,168.84
1514,2024-07-24,141,7,6,4,640.00,0.08,55.75,Shipped,2355.20,938.40
1515,2024-07-04,162,2,6,7,189.00,0.04,41.49,Delivered,1270.08,450.24
1516,2024-05-26,116,3,3,7,430.00,0.05,50.88,Shipped,2859.50,997.50
1517,2024-08-25,168,3,2,7,430.00,0.10,42.52,Shipped,2709.00,945.00
1518,2024-04-06,163,1,4,3,1299.00,0.11,48.75,Shipped,3468.33,985.23
1519,2024-10-19,188,7,1,6,640.00,0.11,24.15,Pending,3417.60,1361.70
1520,2024-12-16,24,6,1,7,890.00,0.10,75.03,Delivered,5607.00,1764.00
1521,2024-03-23,118,6,4,3,890.00,0.08,64.03,Shipped,2456.40,772.80
1522,2024-03-08,76,2,1,4,189.00,0.10,45.52,Pending,680.40,241.20
1523,2024-08-15,62,3,8,2,430.00,0.14,73.16,Delivered,739.60,258.00
1524,2024-03-22,63,8,2,1,24.00,0.13,61.79,Shipped,20.88,10.44
1525,2024-09-23,121,7,2,7,640.00,0.17,76.49,Shipped,3718.40,1481.55
1526,2024-11-06,166,9,1,8,18.00,0.09,65.00,Shipped,131.04,65.52
1527,2024-07-22,186,1,6,7,1299.00,0.13,49.34,Pending,7910.91,2247.21
1528,2024-08-07,32,2,3,5,189.00,0.14,54.33,Delivered,812.70,288.10
1529,2024-03-27,94,7,6,3,640.00,0.16,70.08,Shipped,1612.80,642.60
1530,2024-02-19,85,11,2,8,2450.00,0.16,47.89,Shipped,16464.00,4704.00
1531,2024-05-13,88,5,8,6,410.00,0.14,63.07,Shipped,2115.60,774.00
1532,2024-10-31,10,3,3,5,430.00,0.00,76.25,Shipped,2150.00,750.00
1533,2024-12-31,75,5,3,5,410.00,0.09,44.11,Shipped,1865.50,682.50
1534,2024-12-21,33,3,5,7,430.00,0.05,28.64,Delivered,2859.50,997.50
1535,2024-10-25,78,3,1,5,430.00,0.07,49.13,Delivered,1999.50,697.50
1536,2024-09-21,104,8,3,6,24.00,0.12,54.86,Shipped,126.72,63.36
1537,2024-09-24,96,7,8,3,640.00,0.16,47.19,Shipped,1612.80,642.60
1538,2024-07-13,4,11,2,6,2450.00,0.04,27.07,Shipped,14112.00,4032.00
1539,2024-11-07,200,12,2,4,16.00,0.06,45.53,Delivered,60.16,28.20
1540,2024-01-07,192,9,4,4,18.00,0.07,14.40,Pending,66.96,33.48
1541,2024-06-17,130,2,5,2,189.00,0.17,16.09,Shipped,313.74,111.22
1542,2024-05-06,63,5,3,4,410.00,0.04,64.37,Shipped,1574.40,576.00
1543,2024-11-07,69,9,5,2,18.00,0.13,65.53,Delivered,31.32,15.66
1544,2024-03-08,134,5,1,4,410.00,0.04,54.75,Shipped,1574.40,576.00
1545,2024-08-25,26,9,1,6,18.00,0.14,17.33,Shipped,92.88,46.44
1546,2024-08-14,22,8,4,2,24.00,0.10,27.69,Shipped,43.20,21.60
1547,2024-10-18,3,10,7,2,780.00,0.13,44.31,Pending,1357.20,487.20
1548,2024-10-28,163,10,8,1,780.00,0.05,41.72,Shipped,741.00,266.00
1549,2024-11-19,46,6,8,5,890.00,0.17,33.87,Delivered,3693.50,1162.00
1550,2024-05-07,88,5,5,8,410.00,0.02,67.23,Shipped,3214.40,1176.00
1551,2024-01-04,82,9,8,8,18.00,0.03,16.79,Shipped,139.68,69.84
1552,2024-06-04,25,8,6,3,24.00,0.03,19.94,Shipped,69.84,34.92
1553,2024-06-06,129,5,6,8,410.00,0.02,33.90,Pending,3214.40,1176.00
1554,2024-10-19,173,3,6,3,430.00,0.03,40.93,Shipped,1251.30,436.50
1555,2024-03-21,157,11,3,6,2450.00,0.17,83.62,Pending,12201.00,3486.00
1556,2024-08-01,200,12,5,4,16.00,0.17,46.45,Delivered,53.12,24.90
1557,2024-06-04,95,3,5,6,430.00,0.13,72.53,Shipped,2244.60,783.00
1558,2024-06-06,109,10,7,7,780.00,0.00,80.62,Shipped,5460.00,1960.00
1559,2024-07-28,91,11,3,8,2450.00,0.14,13.42,Delivered,16856.00,4816.00
1560,2024-04-16,170,12,5,5,16.00,0.15,13.73,Shipped,68.00,31.88
1561,2024-07-14,84,9,4,4,18.00,0.11,44.13,Shipped,64.08,32.04
1562,2024-02-08,63,3,6,8,430.00,0.17,55.28,Cancelled,2855.20,996.00
1563,2024-01-24,200,11,7,8,2450.00,0.04,84.05,Shipped,18816.00,5376.00
1564,2024-01-31,26,1,6,5,1299.00,0.10,43.98,Shipped,5845.50,1660.50
1565,2024-08-29,35,12,2,6,16.00,0.18,65.47,Delivered,78.72,36.90
1566,2024-03-18,151,5,4,2,410.00,0.08,35.93,Shipped,754.40,276.00
1567,2024-12-04,67,9,5,1,18.00,0.03,68.20,Delivered,17.46,8.73
1568,2024-12-24,183,12,6,6,16.00,0.16,44.55,Delivered,80.64,37.80
1569,2024-04-04,83,8,4,8,24.00,0.07,26.53,Cancelled,178.56,89.28
1570,2024-05-12,66,10,1,3,780.00,0.02,41.99,Shipped,2293.20,823.20
1571,2024-09-06,13,9,1,6,18.00,0.00,43.92,Shipped,108.00,54.00
1572,2024-09-15,84,9,8,5,18.00,0.10,58.31,Delivered,81.00,40.50
1573,2024-10-16,24,9,2,3,18.00,0.14,73.78,Shipped,46.44,23.22
1574,2024-08-27,157,11,4,2,2450.00,0.14,43.46,Shipped,4214.00,1204.00
1575,2024-08-19,190,3,6,2,430.00,0.03,53.99,Shipped,834.20,291.00
1576,2024-12-20,190,7,1,7,640.00,0.10,12.46,Delivered,4032.00,1606.50
1577,2024-01-10,3,4,6,7,545.00,0.03,74.46,Shipped,3700.55,1256.15
1578,2024-06-16,137,8,4,6,24.00,0.16,64.19,Shipped,120.96,60.48
1579,2024-04-06,198,3,4,5,430.00,0.03,13.91,Pending,2085.50,727.50
1580,2024-01-21,200,3,6,2,430.00,0.06,35.02,Shipped,808.40,282.00
1581,2024-04-16,52,5,3,7,410.00,0.18,29.01,Delivered,2353.40,861.00
1582,2024-06-30,7,3,8,2,430.00,0.15,39.38,Shipped,731.00,255.00
1583,2024-04-16,98,1,8,8,1299.00,0.07,27.01,Shipped,9664.56,2745.36
1584,2024-03-04,24,3,2,3,430.00,0.14,20.79,Shipped,1109.40,387.00
1585,2024-11-05,92,12,6,7,16.00,0.03,83.92,Delivered,108.64,50.92
1586,2024-07-03,123,5,2,8,410.00,0.00,39.74,Shipped,3280.00,1200.00
1587,2024-02-21,91,6,5,2,890.00,0.08,73.89,Shipped,1637.60,515.20
1588,2024-12-25,22,11,7,8,2450.00,0.00,82.39,Delivered,19600.00,5600.00
1589,2024-06-14,12,3,4,3,430.00,0.10,21.34,Shipped,1161.00,405.00
1590,2024-12-21,121,1,1,4,1299.00,0.16,60.25,Shipped,4364.64,1239.84
1591,2024-07-31,41,7,3,3,640.00,0.17,82.47,Delivered,1593.60,634.95
1592,2024-12-08,47,6,2,3,890.00,0.01,26.90,Shipped,2643.30,831.60
1593,2024-07-10,68,10,6,1,780.00,0.14,36.21,Delivered,670.80,240.80
1594,2024-01-18,189,3,7,1,430.00,0.10,67.66,Delivered,387.00,135.00
1595,2024-03-27,41,2,1,6,189.00,0.16,18.73,Cancelled,952.56,337.68
1596,2024-02-27,122,8,7,8,24.00,0.02,56.04,Pending,188.16,94.08
1597,2024-06-08,122,8,5,3,24.00,0.06,51.42,Cancelled,67.68,33.84
1598,2024-12-08,184,2,8,8,189.00,0.13,74.19,Shipped,1315.44,466.32
1599,2024-04-22,132,3,3,4,430.00,0.12,66.25,Delivered,1513.60,528.00
1600,2024-05-24,158,2,4,4,189.00,0.05,65.29,Shipped,718.20,254.60
1601,2024-12-29,119,11,5,3,2450.00,0.06,39.36,Shipped,6909.00,1974.00
1602,2024-01-18,192,7,1,4,640.00,0.18,13.05,Pending,2099.20,836.40
1603,2024-05-01,42,7,6,1,640.00,0.10,47.32,Shipped,576.00,229.50
1604,2024-11-17,148,7,8,4,640.00,0.08,31.18,Shipped,2355.20,938.40
1605,2024-05-23,168,9,6,6,18.00,0.18,25.60,Shipped,88.56,44.28
1606,2024-09-06,198,9,8,2,18.00,0.12,36.99,Shipped,31.68,15.84
1607,2024-02-02,94,7,1,3,640.00,0.02,83.18,Delivered,1881.60,749.70
1608,2024-03-02,141,12,5,3,16.00,0.16,34.41,Shipped,40.32,18.90
1609,2024-02-12,130,3,7,4,430.00,0.03,61.68,Delivered,1668.40,582.00
1610,2024-04-11,188,12,6,3,16.00,0.10,50.73,Shipped,43.20,20.25
1611,2024-09-29,93,9,4,3,18.00,0.07,19.31,Shipped,50.22,25.11
1612,2024-11-20,159,4,3,7,545.00,0.15,32.32,Cancelled,3242.75,1100.75
1613,2024-07-24,76,7,7,8,640.00,0.08,21.94,Delivered,4710.40,1876.80
1614,2024-01-01,20,5,5,4,410.00,0.17,56.76,Cancelled,1361.20,498.00
1615,2024-01-31,194,7,3,3,640.00,0.09,23.70,Cancelled,1747.20,696.15
1616,2024-05-04,101,3,7,7,430.00,0.11,30.15,Shipped,2678.90,934.50
1617,2024-04-25,71,3,7,2,430.00,0.13,54.77,Pending,748.20,261.00
1618,2024-04-15,114,3,5,6,430.00,0.00,20.56,Shipped,2580.00,900.00
1619,2024-02-22,198,11,8,4,2450.00,0.12,33.81,Shipped,8624.00,2464.00
1620,2024-11-08,117,3,2,6,430.00,0.16,81.31,Shipped,2167.20,756.00
1621,2024-05-10,29,11,8,7,2450.00,0.11,75.97,Pending,15263.50,4361.00
1622,2024-09-06,195,5,4,2,410.00,0.02,65.42,Cancelled,803.60,294.00
1623,2024-07-04,62,11,8,7,2450.00,0.08,58.58,Delivered,15778.00,4508.00
1624,2024-05-23,186,12,5,5,16.00,0.12,36.00,Pending,70.40,33.00
1625,2024-05-08,92,2,1,2,189.00,0.13,47.45,Shipped,328.86,116.58
1626,2024-04-23,152,7,5,2,640.00,0.18,72.32,Shipped,1049.60,418.20
1627,2024-11-06,145,7,7,1,640.00,0.11,55.10,Delivered,569.60,226.95
1628,2024-02-20,148,2,2,4,189.00,0.06,61.10,Delivered,710.64,251.92
1629,2024-08-03,101,12,1,6,16.00,0.12,44.14,Shipped,84.48,39.60
1630,2024-09-24,10,7,7,1,640.00,0.04,25.19,Pending,614.40,244.80
1631,2024-06-17,26,5,7,1,410.00,0.13,74.01,Shipped,356.70,130.50
1632,2024-12-15,89,6,4,5,890.00,0.08,15.49,Shipped,4094.00,1288.00
1633,2024-11-21,68,3,4,6,430.00,0.13,66.99,Delivered,2244.60,783.00
1634,2024-03-29,128,2,6,6,189.00,0.11,66.01,Delivered,1009.26,357.78
1635,2024-04-26,82,5,2,2,410.00,0.12,34.84,Shipped,721.60,264.00
1636,2024-04-05,194,7,4,5,640.00,0.15,47.44,Shipped,2720.00,1083.75
1637,2024-08-12,93,3,3,6,430.00,0.00,25.85,Shipped,2580.00,900.00
1638,2024-09-16,180,11,5,3,2450.00,0.07,62.78,Shipped,6835.50,1953.00
1639,2024-02-16,183,10,7,5,780.00,0.03,36.83,Shipped,3783.00,1358.00
1640,2024-03-09,99,2,5,2,189.00,0.06,28.41,Delivered,355.32,125.96
1641,2024-05-05,141,3,5,1,430.00,0.09,72.83,Cancelled,391.30,136.50
1642,2024-05-05,58,8,4,3,24.00,0.00,29.79,Shipped,72.00,36.00
1643,2024-11-09,124,8,7,4,24.00,0.07,73.90,Shipped,89.28,44.64
1644,2024-11-17,148,7,5,6,640.00,0.14,31.24,Shipped,3302.40,1315.80
1645,2024-04-30,82,9,6,2,18.00,0.17,21.82,Delivered,29.88,14.94
1646,2024-12-25,64,9,3,2,18.00,0.18,69.25,Shipped,29.52,14.76
1647,2024-08-31,138,6,2,4,890.00,0.13,64.38,Pending,3097.20,974.40
1648,2024-10-10,58,8,5,1,24.00,0.08,43.96,Shipped,22.08,11.04
1649,2024-02-03,44,1,8,1,1299.00,0.16,46.79,Delivered,1091.16,309.96
1650,2024-02-02,175,6,2,5,890.00,0.10,81.16,Delivered,4005.00,1260.00
1651,2024-12-31,154,8,7,3,24.00,0.18,27.71,Shipped,59.04,29.52
1652,2024-10-02,179,11,5,6,2450.00,0.04,70.28,Shipped,14112.00,4032.00
1653,2024-07-27,37,9,6,1,18.00,0.17,15.87,Delivered,14.94,7.47
1654,2024-10-27,31,2,2,7,189.00,0.13,65.48,Shipped,1151.01,408.03
1655,2024-11-03,199,3,3,1,430.00,0.12,48.13,Shipped,378.40,132.00
1656,2024-02-15,25,7,7,7,640.00,0.07,46.63,Delivered,4166.40,1660.05
1657,2024-04-03,25,5,6,3,410.00,0.13,76.17,Shipped,1070.10,391.50
1658,2024-04-04,67,7,4,4,640.00,0.06,59.25,Shipped,2406.40,958.80
1659,2024-08-19,193,2,5,1,189.00,0.16,16.45,Shipped,158.76,56.28
1660,2024-12-15,96,2,3,1,189.00,0.17,50.63,Shipped,156.87,55.61
1661,2024-07-15,79,1,6,2,1299.00,0.17,25.76,Pending,2156.34,612.54
1662,2024-04-03,138,4,6,2,545.00,0.16,78.62,Shipped,915.60,310.80
1663,2024-10-20,46,8,3,3,24.00,0.15,44.49,Pending,61.20,30.60
1664,2024-10-02,31,5,5,2,410.00,0.06,25.17,Shipped,770.80,282.00
1665,2024-02-21,128,4,3,6,545.00,0.17,79.79,Shipped,2714.10,921.30
1666,2024-07-18,115,2,2,6,189.00,0.04,22.32,Cancelled,1088.64,385.92
1667,2024-09-08,49,7,1,6,640.00,0.01,83.71,Shipped,3801.60,1514.70
1668,2024-12-03,182,10,2,2,780.00,0.12,35.40,Shipped,1372.80,492.80
1669,2024-10-21,180,9,7,4,18.00,0.05,21.89,Delivered,68.40,34.20
1670,2024-05-29,161,7,7,7,640.00,0.07,47.80,Shipped,4166.40,1660.05
1671,2024-06-13,144,8,7,5,24.00,0.09,69.40,Shipped,109.20,54.60
1672,2024-12-16,179,1,1,4,1299.00,0.17,34.42,Shipped,4312.68,1225.08
1673,2024-10-19,139,3,6,1,430.00,0.10,15.45,Shipped,387.00,135.00
1674,2024-04-06,91,9,1,7,18.00,0.13,50.25,Shipped,109.62,54.81
1675,2024-07-08,175,12,1,4,16.00,0.02,81.35,Delivered,62.72,29.40
1676,2024-12-30,82,2,4,8,189.00,0.04,58.75,Shipped,1451.52,514.56
1677,2024-07-14,53,12,2,5,16.00,0.00,29.55,Delivered,80.00,37.50
1678,2024-06-18,46,7,4,6,640.00,0.17,41.34,Shipped,3187.20,1269.90
1679,2024-11-02,64,10,5,7,780.00,0.12,63.84,Delivered,4804.80,1724.80
1680,2024-06-07,53,11,5,7,2450.00,0.12,42.36,Shipped,15092.00,4312.00
1681,2024-05-22,49,8,5,1,24.00,0.11,40.87,Pending,21.36,10.68
1682,2024-08-17,33,11,4,2,2450.00,0.11,20.42,Delivered,4361.00,1246.00
1683,2024-09-07,18,3,6,3,430.00,0.17,30.72,Pending,1070.70,373.50
1684,2024-12-21,102,5,5,5,410.00,0.15,31.09,Delivered,1742.50,637.50
1685,2024-07-21,52,2,8,4,189.00,0.02,84.68,Shipped,740.88,262.64
1686,2024-02-25,29,4,1,7,545.00,0.03,67.67,Delivered,3700.55,1256.15
1687,2024-05-03,112,10,6,8,780.00,0.13,44.27,Delivered,5428.80,1948.80
1688,2024-12-05,129,4,4,6,545.00,0.01,13.04,Shipped,3237.30,1098.90
1689,2024-05-08,45,6,8,4,890.00,0.16,16.12,Shipped,2990.40,940.80
1690,2024-05-29,130,2,4,3,189.00,0.11,36.52,Delivered,504.63,178.89
1691,2024-01-13,113,2,4,5,189.00,0.10,22.47,Cancelled,850.50,301.50
1692,2024-01-30,29,11,2,7,2450.00,0.09,13.27,Delivered,15606.50,4459.00
1693,2024-06-13,95,1,3,2,1299.00,0.12,12.43,Shipped,2286.24,649.44
1694,2024-01-30,100,10,2,4,780.00,0.14,14.57,Shipped,2683.20,963.20
1695,2024-01-11,167,8,7,5,24.00,0.12,40.23,Delivered,105.60,52.80
1696,2024-05-01,175,8,5,6,24.00,0.18,58.48,Shipped,118.08,59.04
1697,2024-03-19,117,9,6,4,18.00,0.03,58.51,Shipped,69.84,34.92
1698,2024-07-17,66,3,6,1,430.00,0.08,33.89,Shipped,395.60,138.00
1699,2024-07-29,182,9,4,7,18.00,0.02,57.73,Shipped,123.48,61.74
1700,2024-07-26,108,7,8,8,640.00,0.08,40.36,Shipped,4710.40,1876.80
1701,2024-06-15,171,7,3,4,640.00,0.04,64.02,Shipped,2457.60,979.20
1702,2024-12-03,159,6,8,7,890.00,0.07,34.40,Shipped,5793.90,1822.80
1703,2024-08-28,28,9,8,5,18.00,0.16,81.77,Delivered,75.60,37.80
1704,2024-07-30,14,4,4,6,545.00,0.10,23.44,Shipped,2943.00,999.00
1705,2024-09-21,111,3,8,1,430.00,0.12,40.18,Pending,378.40,132.00
1706,2024-05-19,191,11,3,7,2450.00,0.10,70.46,Shipped,15435.00,4410.00
1707,2024-06-11,120,4,3,8,545.00,0.06,80.11,Pending,4098.40,1391.20
1708,2024-11-17,10,11,2,2,2450.00,0.02,12.63,Delivered,4802.00,1372.00
1709,2024-01-28,85,2,6,6,189.00,0.04,22.99,Shipped,1088.64,385.92
1710,2024-02-03,93,10,6,8,780.00,0.09,63.36,Shipped,5678.40,2038.40
1711,2024-02-21,144,3,3,3,430.00,0.07,50.86,Pending,1199.70,418.50
1712,2024-03-22,144,9,8,5,18.00,0.12,77.97,Cancelled,79.20,39.60
1713,2024-12-05,38,8,2,1,24.00,0.02,39.81,Shipped,23.52,11.76
1714,2024-03-28,197,1,6,8,1299.00,0.11,25.27,Delivered,9248.88,2627.28
1715,2024-09-08,172,10,6,6,780.00,0.18,76.71,Shipped,3837.60,1377.60
1716,2024-03-10,160,5,7,3,410.00,0.02,80.26,Cancelled,1205.40,441.00
1717,2024-04-10,163,6,5,2,890.00,0.06,83.80,Shipped,1673.20,526.40
1718,2024-11-14,152,7,3,6,640.00,0.15,26.02,Shipped,3264.00,1300.50
1719,2024-09-23,7,8,6,3,24.00,0.01,29.43,Shipped,71.28,35.64
1720,2024-08-17,111,6,1,5,890.00,0.13,67.46,Shipped,3871.50,1218.00
1721,2024-02-11,86,9,1,3,18.00,0.16,79.64,Shipped,45.36,22.68
1722,2024-10-20,5,5,7,4,410.00,0.16,39.74,Shipped,1377.60,504.00
1723,2024-12-10,70,12,7,6,16.00,0.07,49.42,Cancelled,89.28,41.85
1724,2024-08-05,105,12,6,3,16.00,0.17,64.50,Shipped,39.84,18.68
1725,2024-09-07,73,5,2,8,410.00,0.17,18.19,Pending,2722.40,996.00
1726,2024-06-12,131,2,1,3,189.00,0.15,19.81,Shipped,481.95,170.85
1727,2024-07-10,17,3,4,2,430.00,0.16,12.70,Shipped,722.40,252.00
1728,2024-06-23,159,2,3,8,189.00,0.11,36.16,Pending,1345.68,477.04
1729,2024-11-09,32,1,3,4,1299.00,0.17,79.64,Shipped,4312.68,1225.08
1730,2024-02-16,1,7,4,4,640.00,0.01,17.80,Shipped,2534.40,1009.80
1731,2024-09-28,50,8,4,8,24.00,0.11,25.58,Shipped,170.88,85.44
1732,2024-12-12,152,1,8,3,1299.00,0.09,17.81,Cancelled,3546.27,1007.37
1733,2024-05-14,37,9,4,2,18.00,0.13,17.53,Shipped,31.32,15.66
1734,2024-06-13,194,4,3,7,545.00,0.11,55.24,Pending,3395.35,1152.55
1735,2024-09-16,164,5,4,7,410.00,0.05,37.17,Shipped,2726.50,997.50
1736,2024-01-04,168,11,5,5,2450.00,0.14,16.72,Shipped,10535.00,3010.00
1737,2024-06-25,188,1,7,2,1299.00,0.12,77.60,Shipped,2286.24,649.44
1738,2024-12-11,23,6,6,2,890.00,0.10,65.08,Shipped,1602.00,504.00
1739,2024-07-02,191,8,6,8,24.00,0.05,47.70,Shipped,182.40,91.20
1740,2024-04-07,59,10,3,1,780.00,0.12,41.91,Delivered,686.40,246.40
1741,2024-06-15,104,8,8,8,24.00,0.03,65.86,Shipped,186.24,93.12
1742,2024-01-13,36,6,7,3,890.00,0.07,13.02,Delivered,2483.10,781.20
1743,2024-12-04,45,3,3,4,430.00,0.02,40.56,Shipped,1685.60,588.00
1744,2024-06-21,51,1,8,7,1299.00,0.03,72.57,Delivered,8820.21,2505.51
1745,2024-05-22,59,4,8,8,545.00,0.08,81.16,Shipped,4011.20,1361.60
1746,2024-12-06,16,6,2,2,890.00,0.17,63.54,Pending,1477.40,464.80
1747,2024-03-13,61,9,8,4,18.00,0.07,12.95,Shipped,66.96,33.48
1748,2024-03-22,87,11,5,7,2450.00,0.11,55.74,Shipped,15263.50,4361.00
1749,2024-06-23,186,6,3,6,890.00,0.10,46.57,Shipped,4806.00,1512.00
1750,2024-07-08,107,4,4,6,545.00,0.12,78.44,Delivered,2877.60,976.80
1751,2024-11-20,122,5,6,6,410.00,0.13,77.84,Cancelled,2140.20,783.00
1752,2024-11-19,147,4,4,4,545.00,0.09,46.29,Shipped,1983.80,673.40
1753,2024-09-18,25,7,3,6,640.00,0.01,47.84,Pending,3801.60,1514.70
1754,2024-05-16,18,8,7,4,24.00,0.14,32.16,Shipped,82.56,41.28
1755,2024-01-31,122,4,4,1,545.00,0.06,72.21,Shipped,512.30,173.90
1756,2024-03-15,70,6,8,6,890.00,0.11,51.15,Delivered,4752.60,1495.20
1757,2024-11-26,49,10,2,5,780.00,0.13,65.69,Shipped,3393.00,1218.00
1758,2024-09-15,73,4,7,7,545.00,0.13,74.25,Shipped,3319.05,1126.65
1759,2024-04-14,37,5,1,1,410.00,0.12,67.65,Shipped,360.80,132.00
1760,2024-08-26,199,3,8,7,430.00,0.10,55.35,Delivered,2709.00,945.00
1761,2024-02-25,71,8,5,4,24.00,0.13,45.09,Shipped,83.52,41.76
1762,2024-03-06,83,1,2,1,1299.00,0.16,52.34,Shipped,1091.16,309.96
1763,2024-06-10,185,7,1,7,640.00,0.12,40.87,Shipped,3942.40,1570.80
1764,2024-01-18,165,5,6,1,410.00,0.16,16.08,Delivered,344.40,126.00
1765,2024-03-08,128,2,2,3,189.00,0.03,50.16,Delivered,549.99,194.97
1766,2024-04-30,24,6,6,6,890.00,0.01,37.08,Shipped,5286.60,1663.20
1767,2024-07-24,140,1,7,7,1299.00,0.13,52.01,Shipped,7910.91,2247.21
1768,2024-04-16,115,3,2,5,430.00,0.04,16.13,Pending,2064.00,720.00
1769,2024-01-13,14,11,4,8,2450.00,0.01,27.99,Shipped,19404.00,5544.00
1770,2024-03-19,36,9,6,6,18.00,0.07,58.31,Shipped,100.44,50.22
1771,2024-09-18,196,5,8,1,410.00,0.12,62.89,Shipped,360.80,132.00
1772,2024-01-21,52,10,1,4,780.00,0.04,47.88,Shipped,2995.20,1075.20
1773,2024-02-11,149,6,3,7,890.00,0.04,51.14,Delivered,5980.80,1881.60
1774,2024-11-14,73,5,6,7,410.00,0.03,26.72,Pending,2783.90,1018.50
1775,2024-06-20,51,6,5,7,890.00,0.02,32.83,Shipped,6105.40,1920.80
1776,2024-11-04,167,11,7,4,2450.00,0.03,15.04,Delivered,9506.00,2716.00
1777,2024-04-15,52,10,5,4,780.00,0.16,71.70,Shipped,2620.80,940.80
1778,2024-01-28,166,11,4,5,2450.00,0.04,13.74,Shipped,11760.00,3360.00
1779,2024-04-02,86,4,8,7,545.00,0.13,45.43,Shipped,3319.05,1126.65
1780,2024-03-25,126,8,5,4,24.00,0.01,19.83,Shipped,95.04,47.52
1781,2024-01-16,159,1,1,5,1299.00,0.17,34.15,Shipped,5390.85,1531.35
1782,2024-10-17,41,2,1,6,189.00,0.04,25.93,Shipped,1088.64,385.92
1783,2024-07-09,20,5,7,1,410.00,0.05,14.55,Shipped,389.50,142.50
1784,2024-03-13,68,8,4,2,24.00,0.17,66.33,Pending,39.84,19.92
1785,2024-01-16,122,3,1,2,430.00,0.02,29.14,Delivered,842.80,294.00
1786,2024-10-23,178,9,5,5,18.00,0.00,53.12,Shipped,90.00,45.00
1787,2024-12-20,40,4,2,7,545.00,0.12,14.18,Shipped,3357.20,1139.60
1788,2024-08-26,106,3,1,1,430.00,0.12,82.04,Delivered,378.40,132.00
1789,2024-12-29,73,12,8,4,16.00,0.14,13.78,Shipped,55.04,25.80
1790,2024-04-06,61,12,8,1,16.00,0.18,15.22,Shipped,13.12,6.15
1791,2024-08-10,144,12,8,4,16.00,0.13,66.20,Shipped,55.68,26.10
1792,2024-02-15,154,6,8,8,890.00,0.10,39.25,Delivered,6408.00,2016.00
1793,2024-10-09,139,3,6,6,430.00,0.07,54.36,Shipped,2399.40,837.00
1794,2024-06-26,197,5,3,8,410.00,0.12,41.77,Cancelled,2886.40,1056.00
1795,2024-02-14,155,5,3,6,410.00,0.17,59.12,Shipped,2041.80,747.00
1796,2024-10-03,175,3,1,6,430.00,0.09,74.76,Pending,2347.80,819.00
1797,2024-11-02,88,9,3,3,18.00,0.18,69.84,Delivered,44.28,22.14
1798,2024-07-21,21,7,2,1,640.00,0.09,54.01,Shipped,582.40,232.05
1799,2024-10-08,171,3,4,6,430.00,0.09,35.76,Delivered,2347.80,819.00
1800,2024-07-10,141,7,7,4,640.00,0.10,66.74,Pending,2304.00,918.00
1801,2024-02-24,58,11,8,3,2450.00,0.15,77.35,Shipped,6247.50,1785.00
1802,2024-01-01,130,2,8,3,189.00,0.16,62.73,Shipped,476.28,168.84
1803,2024-07-26,78,4,2,4,545.00,0.00,14.27,Shipped,2180.00,740.00
1804,2024-04-05,199,11,2,2,2450.00,0.05,81.42,Shipped,4655.00,1330.00
1805,2024-07-02,170,7,1,5,640.00,0.06,39.37,Shipped,3008.00,1198.50
1806,2024-11-13,151,8,1,8,24.00,0.18,48.50,Shipped,157.44,78.72
1807,2024-05-10,180,8,7,2,24.00,0.08,54.86,Delivered,44.16,22.08
1808,2024-12-16,126,1,7,1,1299.00,0.17,67.41,Shipped,1078.17,306.27
1809,2024-05-09,140,2,2,4,189.00,0.13,64.24,Delivered,657.72,233.16
1810,2024-08-20,98,12,6,4,16.00,0.11,46.26,Shipped,56.96,26.70
1811,2024-10-09,199,12,8,4,16.00,0.11,18.93,Pending,56.96,26.70
1812,2024-10-30,173,1,8,2,1299.00,0.09,45.81,Pending,2364.18,671.58
1813,2024-07-17,138,11,1,5,2450.00,0.11,62.97,Shipped,10902.50,3115.00
1814,2024-08-19,76,3,1,5,430.00,0.11,43.15,Pending,1913.50,667.50
1815,2024-02-09,51,8,8,4,24.00,0.00,68.63,Delivered,96.00,48.00
1816,2024-03-31,198,7,1,5,640.00,0.03,36.83,Pending,3104.00,1236.75
1817,2024-09-09,59,12,8,2,16.00,0.02,22.16,Delivered,31.36,14.70
1818,2024-11-05,145,1,8,8,1299.00,0.07,63.02,Shipped,9664.56,2745.36
1819,2024-09-25,178,6,2,7,890.00,0.09,32.36,Shipped,5669.30,1783.60
1820,2024-08-04,18,2,2,5,189.00,0.16,60.52,Shipped,793.80,281.40
1821,2024-09-16,63,3,2,1,430.00,0.03,53.64,Pending,417.10,145.50
1822,2024-08-16,169,9,6,5,18.00,0.09,82.87,Pending,81.90,40.95
1823,2024-10-25,106,2,1,4,189.00,0.04,33.93,Delivered,725.76,257.28
1824,2024-07-19,3,6,1,1,890.00,0.02,60.61,Shipped,872.20,274.40
1825,2024-01-05,78,3,6,4,430.00,0.15,70.49,Shipped,1462.00,510.00
1826,2024-08-31,123,8,4,2,24.00,0.03,52.37,Pending,46.56,23.28
1827,2024-02-06,38,11,3,3,2450.00,0.16,16.96,Shipped,6174.00,1764.00
1828,2024-02-07,145,3,4,7,430.00,0.15,38.41,Shipped,2558.50,892.50
1829,2024-05-14,105,1,7,1,1299.00,0.16,68.99,Shipped,1091.16,309.96
1830,2024-12-09,186,6,7,8,890.00,0.11,75.29,Delivered,6336.80,1993.60
1831,2024-03-06,123,10,7,3,780.00,0.04,50.05,Shipped,2246.40,806.40
1832,2024-02-08,111,10,1,7,780.00,0.01,18.19,Delivered,5405.40,1940.40
1833,2024-03-15,198,11,1,6,2450.00,0.05,32.50,Pending,13965.00,3990.00
1834,2024-06-23,78,9,6,5,18.00,0.15,46.30,Shipped,76.50,38.25
1835,2024-12-18,151,12,3,8,16.00,0.06,62.47,Cancelled,120.32,56.40
1836,2024-09-29,133,10,2,5,780.00,0.11,80.19,Delivered,3471.00,1246.00
1837,2024-10-31,132,4,6,6,545.00,0.16,53.32,Shipped,2746.80,932.40
1838,2024-06-05,50,6,7,5,890.00,0.05,42.94,Pending,4227.50,1330.00
1839,2024-11-09,36,12,5,4,16.00,0.12,38.39,Shipped,56.32,26.40
1840,2024-06-13,53,8,3,2,24.00,0.13,75.96,Pending,41.76,20.88
1841,2024-04-15,154,11,6,3,2450.00,0.16,71.10,Shipped,6174.00,1764.00
1842,2024-07-19,124,12,5,8,16.00,0.10,22.68,Pending,115.20,54.00
1843,2024-05-09,32,7,7,1,640.00,0.01,71.28,Shipped,633.60,252.45
1844,2024-09-10,117,9,5,7,18.00,0.04,15.72,Shipped,120.96,60.48
1845,2024-09-07,153,2,8,7,189.00,0.07,20.72,Shipped,1230.39,436.17
1846,2024-07-04,195,1,1,2,1299.00,0.05,52.04,Shipped,2468.10,701.10
1847,2024-02-19,191,11,7,4,2450.00,0.01,60.20,Shipped,9702.00,2772.00
1848,2024-02-27,87,10,5,5,780.00,0.08,28.83,Pending,3588.00,1288.00
1849,2024-10-19,193,5,6,4,410.00,0.03,52.42,Shipped,1590.80,582.00
1850,2024-04-22,44,7,4,1,640.00,0.17,18.66,Delivered,531.20,211.65
1851,2024-05-18,125,2,2,4,189.00,0.15,28.13,Shipped,642.60,227.80
1852,2024-03-25,45,4,5,2,545.00,0.00,60.99,Shipped,1090.00,370.00
1853,2024-11-03,99,8,4,4,24.00,0.02,17.99,Delivered,94.08,47.04
1854,2024-08-14,39,12,7,7,16.00,0.00,67.85,Shipped,112.00,52.50
1855,2024-12-10,126,7,6,6,640.00,0.00,49.05,Shipped,3840.00,1530.00
1856,2024-08-14,156,4,6,3,545.00,0.13,55.87,Pending,1422.45,482.85
1857,2024-07-12,44,7,4,4,640.00,0.06,41.57,Shipped,2406.40,958.80
1858,2024-05-28,60,7,8,1,640.00,0.12,53.12,Pending,563.20,224.40
1859,2024-02-03,116,12,1,7,16.00,0.10,38.25,Shipped,100.80,47.25
1860,2024-08-11,186,8,7,2,24.00,0.08,37.42,Shipped,44.16,22.08
1861,2024-05-13,123,3,3,4,430.00,0.15,59.09,Shipped,1462.00,510.00
1862,2024-04-10,10,7,6,1,640.00,0.14,18.57,Delivered,550.40,219.30
1863,2024-02-17,158,12,1,5,16.00,0.01,80.04,Shipped,79.20,37.12
1864,2024-05-30,37,7,5,3,640.00,0.04,34.75,Shipped,1843.20,734.40
1865,2024-04-28,24,10,1,3,780.00,0.05,46.33,Shipped,2223.00,798.00
1866,2024-03-26,61,1,4,2,1299.00,0.01,19.41,Delivered,2572.02,730.62
1867,2024-04-01,137,2,8,6,189.00,0.13,23.15,Delivered,986.58,349.74
1868,2024-05-05,3,6,3,5,890.00,0.09,13.51,Shipped,4049.50,1274.00
1869,2024-01-30,101,3,3,1,430.00,0.08,73.80,Shipped,395.60,138.00
1870,2024-11-07,95,10,5,8,780.00,0.04,24.79,Shipped,5990.40,2150.40
1871,2024-05-07,42,11,1,2,2450.00,0.18,21.92,Shipped,4018.00,1148.00
1872,2024-09-27,126,11,7,7,2450.00,0.16,46.06,Pending,14406.00,4116.00
1873,2024-09-23,91,10,7,5,780.00,0.09,41.76,Shipped,3549.00,1274.00
1874,2024-09-12,33,1,4,2,1299.00,0.11,38.83,Shipped,2312.22,656.82
1875,2024-11-05,106,7,7,5,640.00,0.07,34.96,Shipped,2976.00,1185.75
1876,2024-01-09,56,7,3,8,640.00,0.16,69.71,Delivered,4300.80,1713.60
1877,2024-11-28,78,7,4,3,640.00,0.00,28.58,Shipped,1920.00,765.00
1878,2024-09-06,103,8,8,6,24.00,0.16,45.82,Shipped,120.96,60.48
1879,2024-01-27,63,3,2,5,430.00,0.07,37.59,Delivered,1999.50,697.50
1880,2024-11-30,111,2,5,6,189.00,0.15,52.27,Shipped,963.90,341.70
1881,2024-09-02,18,6,6,4,890.00,0.06,48.99,Shipped,3346.40,1052.80
1882,2024-02-21,38,12,5,1,16.00,0.00,27.96,Shipped,16.00,7.50
1883,2024-01-13,115,7,6,8,640.00,0.06,35.84,Shipped,4812.80,1917.60
1884,2024-09-21,150,2,8,8,189.00,0.08,49.52,Pending,1391.04,493.12
1885,2024-10-07,187,12,2,3,16.00,0.17,39.59,Pending,39.84,18.68
1886,2024-08-13,188,12,5,3,16.00,0.03,78.79,Shipped,46.56,21.82
1887,2024-07-15,71,7,4,1,640.00,0.01,12.88,Shipped,633.60,252.45
1888,2024-08-02,146,4,7,3,545.00,0.08,53.48,Cancelled,1504.20,510.60
1889,2024-04-17,1,2,3,1,189.00,0.05,47.23,Shipped,179.55,63.65
1890,2024-08-27,43,11,8,2,2450.00,0.01,45.55,Delivered,4851.00,1386.00
1891,2024-11-11,187,6,8,5,890.00,0.10,52.00,Delivered,4005.00,1260.00
1892,2024-06-18,162,11,6,3,2450.00,0.12,72.98,Shipped,6468.00,1848.00
1893,2024-12-15,72,10,4,4,780.00,0.15,43.67,Shipped,2652.00,952.00
1894,2024-09-17,77,8,7,1,24.00,0.17,33.93,Delivered,19.92,9.96
1895,2024-02-24,38,9,4,4,18.00,0.16,30.16,Delivered,60.48,30.24
1896,2024-02-20,179,9,6,7,18.00,0.13,42.61,Shipped,109.62,54.81
1897,2024-02-11,63,3,8,2,430.00,0.14,79.61,Shipped,739.60,258.00
1898,2024-07-26,111,3,7,8,430.00,0.18,36.37,Shipped,2820.80,984.00
1899,2024-06-06,61,8,8,7,24.00,0.11,41.59,Delivered,149.52,74.76
1900,2024-05-26,63,10,3,6,780.00,0.03,35.88,Shipped,4539.60,1629.60
1901,2024-02-12,26,2,2,1,189.00,0.03,43.28,Delivered,183.33,64.99
1902,2024-12-23,166,3,1,1,430.00,0.08,14.39,Shipped,395.60,138.00
1903,2024-07-06,174,11,6,2,2450.00,0.01,77.18,Shipped,4851.00,1386.00
1904,2024-01-20,150,2,1,1,189.00,0.15,26.03,Shipped,160.65,56.95
1905,2024-07-19,126,2,5,5,189.00,0.11,50.40,Delivered,841.05,298.15
1906,2024-05-25,36,2,8,5,189.00,0.03,68.65,Shipped,916.65,324.95
1907,2024-09-11,156,4,5,1,545.00,0.07,36.72,Shipped,506.85,172.05
1908,2024-08-30,116,6,5,5,890.00,0.12,71.47,Shipped,3916.00,1232.00
1909,2024-04-30,80,11,6,4,2450.00,0.04,22.86,Shipped,9408.00,2688.00
1910,2024-02-10,16,10,2,3,780.00,0.02,44.77,Shipped,2293.20,823.20
1911,2024-02-07,73,6,6,4,890.00,0.13,43.78,Shipped,3097.20,974.40
1912,2024-11-25,172,11,5,4,2450.00,0.16,59.90,Shipped,8232.00,2352.00
1913,2024-07-19,50,6,2,1,890.00,0.01,74.27,Shipped,881.10,277.20
1914,2024-04-05,128,8,7,6,24.00,0.08,71.55,Delivered,132.48,66.24
1915,2024-12-28,109,11,6,3,2450.00,0.00,69.17,Cancelled,7350.00,2100.00
1916,2024-07-31,24,8,6,3,24.00,0.01,22.24,Shipped,71.28,35.64
1917,2024-09-10,72,4,3,7,545.00,0.01,12.67,Shipped,3776.85,1282.05
1918,2024-06-24,158,6,6,1,890.00,0.02,68.32,Cancelled,872.20,274.40
1919,2024-04-13,55,3,6,5,430.00,0.10,76.94,Cancelled,1935.00,675.00
1920,2024-11-09,157,4,7,1,545.00,0.08,64.49,Shipped,501.40,170.20
1921,2024-10-02,194,8,1,5,24.00,0.06,41.74,Pending,112.80,56.40
1922,2024-02-02,122,7,8,4,640.00,0.17,72.94,Shipped,2124.80,846.60
1923,2024-05-15,77,11,1,4,2450.00,0.12,54.31,Shipped,8624.00,2464.00
1924,2024-01-03,136,4,1,4,545.00,0.17,44.80,Shipped,1809.40,614.20
1925,2024-08-08,13,2,5,7,189.00,0.00,75.40,Delivered,1323.00,469.00
1926,2024-11-23,79,10,1,8,780.00,0.18,27.58,Pending,5116.80,1836.80
1927,2024-05-27,200,2,4,7,189.00,0.10,35.99,Shipped,1190.70,422.10
1928,2024-04-12,4,11,7,2,2450.00,0.06,29.93,Shipped,4606.00,1316.00
1929,2024-02-20,34,12,5,3,16.00,0.12,61.04,Shipped,42.24,19.80
1930,2024-08-06,53,12,3,6,16.00,0.02,80.02,Shipped,94.08,44.10
1931,2024-10-04,178,9,2,2,18.00,0.18,75.75,Delivered,29.52,14.76
1932,2024-01-02,62,2,5,3,189.00,0.02,44.94,Shipped,555.66,196.98
1933,2024-09-30,120,9,2,8,18.00,0.12,32.32,Shipped,126.72,63.36
1934,2024-02-17,91,3,7,4,430.00,0.10,30.27,Shipped,1548.00,540.00
1935,2024-11-13,197,2,2,3,189.00,0.03,23.70,Delivered,549.99,194.97
1936,2024-09-30,50,8,6,1,24.00,0.06,40.42,Delivered,22.56,11.28
1937,2024-02-23,132,7,4,3,640.00,0.03,58.54,Delivered,1862.40,742.05
1938,2024-12-23,18,12,4,8,16.00,0.10,45.42,Shipped,115.20,54.00
1939,2024-07-07,51,1,1,8,1299.00,0.03,53.68,Shipped,10080.24,2863.44
1940,2024-12-06,96,11,6,7,2450.00,0.13,12.54,Shipped,14920.50,4263.00
1941,2024-08-25,22,3,2,2,430.00,0.11,46.56,Shipped,765.40,267.00
1942,2024-10-09,186,6,2,1,890.00,0.14,58.58,Shipped,765.40,240.80
1943,2024-10-01,109,5,1,2,410.00,0.01,33.91,Cancelled,811.80,297.00
1944,2024-03-11,179,5,7,3,410.00,0.05,74.03,Cancelled,1168.50,427.50
1945,2024-09-28,94,2,8,5,189.00,0.13,41.70,Shipped,822.15,291.45
1946,2024-05-25,84,3,2,3,430.00,0.17,56.01,Delivered,1070.70,373.50
1947,2024-07-04,30,2,5,6,189.00,0.06,21.03,Shipped,1065.96,377.88
1948,2024-10-25,21,4,1,5,545.00,0.06,67.53,Delivered,2561.50,869.50
1949,2024-02-10,183,9,5,5,18.00,0.02,41.47,Delivered,88.20,44.10
1950,2024-06-08,108,2,6,5,189.00,0.13,21.99,Shipped,822.15,291.45
1951,2024-10-28,2,2,8,1,189.00,0.08,38.36,Shipped,173.88,61.64
1952,2024-05-15,41,10,4,2,780.00,0.06,25.51,Delivered,1466.40,526.40
1953,2024-12-24,27,11,1,8,2450.00,0.04,63.70,Shipped,18816.00,5376.00
1954,2024-12-15,131,4,7,1,545.00,0.12,75.88,Shipped,479.60,162.80
1955,2024-04-06,127,9,4,1,18.00,0.08,56.77,Shipped,16.56,8.28
1956,2024-09-27,75,6,3,7,890.00,0.18,42.04,Shipped,5108.60,1607.20
1957,2024-05-17,64,10,2,7,780.00,0.05,56.18,Shipped,5187.00,1862.00
1958,2024-02-28,104,10,4,5,780.00,0.12,54.09,Delivered,3432.00,1232.00
1959,2024-10-24,31,11,4,3,2450.00,0.13,28.85,Shipped,6394.50,1827.00
1960,2024-01-24,188,2,7,3,189.00,0.17,32.19,Shipped,470.61,166.83
1961,2024-01-02,167,4,2,1,545.00,0.07,36.92,Shipped,506.85,172.05
1962,2024-03-16,186,11,2,6,2450.00,0.06,42.01,Pending,13818.00,3948.00
1963,2024-12-14,71,8,4,3,24.00,0.04,37.78,Delivered,69.12,34.56
1964,2024-12-05,63,8,8,5,24.00,0.08,30.40,Shipped,110.40,55.20
1965,2024-03-22,16,1,8,5,1299.00,0.04,20.06,Shipped,6235.20,1771.20
1966,2024-05-25,72,3,7,1,430.00,0.09,67.67,Shipped,391.30,136.50
1967,2024-08-20,90,5,4,8,410.00,0.04,75.06,Delivered,3148.80,1152.00
1968,2024-07-18,70,3,8,4,430.00,0.08,21.74,Delivered,1582.40,552.00
1969,2024-11-26,125,7,4,3,640.00,0.02,64.65,Shipped,1881.60,749.70
1970,2024-12-19,26,5,5,7,410.00,0.00,53.40,Delivered,2870.00,1050.00
1971,2024-05-03,73,5,4,3,410.00,0.11,83.35,Shipped,1094.70,400.50
1972,2024-01-11,84,12,7,6,16.00,0.00,26.12,Shipped,96.00,45.00
1973,2024-06-05,185,7,5,5,640.00,0.11,57.91,Pending,2848.00,1134.75
1974,2024-11-04,145,10,6,2,780.00,0.07,57.60,Delivered,1450.80,520.80
1975,2024-06-15,12,6,6,8,890.00,0.14,50.87,Shipped,6123.20,1926.40
1976,2024-08-08,144,1,2,2,1299.00,0.10,22.00,Shipped,2338.20,664.20
1977,2024-01-23,53,8,7,2,24.00,0.02,84.25,Shipped,47.04,23.52
1978,2024-03-10,57,12,4,4,16.00,0.07,14.67,Shipped,59.52,27.90
1979,2024-10-27,105,2,5,8,189.00,0.16,18.82,Delivered,1270.08,450.24
1980,2024-11-09,31,2,5,4,189.00,0.01,62.30,Shipped,748.44,265.32
1981,2024-12-02,194,12,1,8,16.00,0.15,27.79,Shipped,108.80,51.00
1982,2024-06-18,26,2,4,5,189.00,0.00,62.84,Delivered,945.00,335.00
1983,2024-08-19,143,12,3,1,16.00,0.13,83.59,Shipped,13.92,6.53
1984,2024-12-07,71,4,3,3,545.00,0.04,15.30,Shipped,1569.60,532.80
1985,2024-04-17,51,3,5,8,430.00,0.01,44.81,Pending,3405.60,1188.00
1986,2024-01-17,31,12,4,6,16.00,0.11,76.25,Shipped,85.44,40.05
1987,2024-12-17,111,3,2,3,430.00,0.09,12.56,Shipped,1173.90,409.50
1988,2024-09-29,45,11,7,2,2450.00,0.02,23.50,Shipped,4802.00,1372.00
1989,2024-07-31,28,7,4,3,640.00,0.05,49.98,Shipped,1824.00,726.75
1990,2024-12-12,136,10,6,8,780.00,0.03,84.80,Shipped,6052.80,2172.80
1991,2024-10-17,56,8,7,3,24.00,0.11,70.01,Shipped,64.08,32.04
1992,2024-05-13,156,4,1,4,545.00,0.07,39.41,Shipped,2027.40,688.20
1993,2024-02-16,149,2,3,1,189.00,0.04,63.12,Delivered,181.44,64.32
1994,2024-02-27,144,8,7,3,24.00,0.01,25.12,Delivered,71.28,35.64
1995,2024-03-05,62,1,2,4,1299.00,0.10,18.10,Shipped,4676.40,1328.40
1996,2024-02-17,67,5,6,3,410.00,0.15,15.21,Shipped,1045.50,382.50
1997,2024-04-15,36,4,2,3,545.00,0.11,17.21,Delivered,1455.15,493.95
1998,2024-10-06,21,12,6,8,16.00,0.03,32.17,Delivered,124.16,58.20
1999,2024-01-16,9,1,1,1,1299.00,0.16,64.79,Shipped,1091.16,309.96
2000,2024-03-25,194,12,2,2,16.00,0.12,47.10,Delivered,28.16,13.20
2001,2024-08-12,138,11,6,1,2450.00,0.14,66.64,Pending,2107.00,602.00
2002,2024-03-17,91,6,7,2,890.00,0.14,48.79,Shipped,1530.80,481.60
2003,2024-05-29,67,3,2,3,430.00,0.11,54.08,Shipped,1148.10,400.50
2004,2024-09-08,134,2,3,3,189.00,0.15,33.10,Pending,481.95,170.85
2005,2024-01-22,81,7,8,1,640.00,0.09,46.11,Shipped,582.40,232.05
2006,2024-01-26,1,11,5,4,2450.00,0.07,58.48,Shipped,9114.00,2604.00
2007,2024-09-21,71,9,3,7,18.00,0.07,20.97,Shipped,117.18,58.59
2008,2024-05-17,131,4,6,6,545.00,0.12,38.73,Delivered,2877.60,976.80
2009,2024-10-22,97,12,1,1,16.00,0.11,15.87,Shipped,14.24,6.67
2010,2024-07-29,155,10,8,6,780.00,0.14,13.24,Pending,4024.80,1444.80
2011,2024-11-21,135,3,3,2,430.00,0.01,70.55,Delivered,851.40,297.00
2012,2024-07-19,65,9,2,1,18.00,0.05,65.53,Cancelled,17.10,8.55
2013,2024-11-25,46,9,8,8,18.00,0.16,30.18,Shipped,120.96,60.48
2014,2024-04-06,136,11,2,7,2450.00,0.05,23.30,Shipped,16292.50,4655.00
2015,2024-12-22,103,10,5,3,780.00,0.09,59.10,Pending,2129.40,764.40
2016,2024-06-06,105,5,3,1,410.00,0.04,42.65,Delivered,393.60,144.00
2017,2024-07-07,185,12,7,4,16.00,0.02,82.14,Shipped,62.72,29.40
2018,2024-08-24,11,7,5,7,640.00,0.03,81.07,Shipped,4345.60,1731.45
2019,2024-05-28,11,3,7,4,430.00,0.13,38.94,Shipped,1496.40,522.00
2020,2024-04-05,76,4,1,2,545.00,0.08,34.46,Delivered,1002.80,340.40
2021,2024-05-28,132,10,1,4,780.00,0.13,38.89,Shipped,2714.40,974.40
2022,2024-09-13,133,3,5,6,430.00,0.13,21.80,Pending,2244.60,783.00
2023,2024-12-22,16,11,6,1,2450.00,0.05,58.65,Cancelled,2327.50,665.00
2024,2024-05-29,62,4,4,4,545.00,0.17,72.15,Shipped,1809.40,614.20
2025,2024-09-26,66,10,6,2,780.00,0.07,28.20,Shipped,1450.80,520.80
2026,2024-02-22,24,2,8,8,189.00,0.13,69.48,Shipped,1315.44,466.32
2027,2024-11-06,51,4,2,4,545.00,0.09,21.83,Pending,1983.80,673.40
2028,2024-04-25,11,7,1,2,640.00,0.17,79.02,Pending,1062.40,423.30
2029,2024-09-15,128,6,7,2,890.00,0.08,48.55,Shipped,1637.60,515.20
2030,2024-10-09,185,9,1,1,18.00,0.16,27.24,Shipped,15.12,7.56
2031,2024-01-16,151,2,6,7,189.00,0.02,21.34,Shipped,1296.54,459.62
2032,2024-01-07,63,12,7,6,16.00,0.09,63.31,Shipped,87.36,40.95
2033,2024-05-25,153,2,7,1,189.00,0.16,61.65,Shipped,158.76,56.28
2034,2024-11-08,89,3,1,2,430.00,0.06,17.18,Shipped,808.40,282.00
2035,2024-09-26,164,10,5,2,780.00,0.10,28.49,Shipped,1404.00,504.00
2036,2024-09-01,88,1,3,7,1299.00,0.04,71.49,Shipped,8729.28,2479.68
2037,2024-04-20,156,10,3,2,780.00,0.04,32.08,Shipped,1497.60,537.60
2038,2024-02-09,24,5,1,5,410.00,0.02,51.14,Delivered,2009.00,735.00
2039,2024-01-22,94,11,1,6,2450.00,0.04,80.30,Shipped,14112.00,4032.00
2040,2024-01-24,133,12,2,2,16.00,0.13,43.14,Delivered,27.84,13.05
2041,2024-01-22,50,1,4,6,1299.00,0.07,76.57,Shipped,7248.42,2059.02
2042,2024-01-14,99,3,8,2,430.00,0.06,66.40,Shipped,808.40,282.00
2043,2024-03-30,197,4,5,6,545.00,0.06,71.67,Shipped,3073.80,1043.40
2044,2024-04-03,112,10,2,8,780.00,0.11,47.42,Delivered,5553.60,1993.60
2045,2024-11-25,37,10,4,5,780.00,0.05,82.31,Shipped,3705.00,1330.00
2046,2024-06-04,142,1,8,4,1299.00,0.06,29.33,Delivered,4884.24,1387.44
2047,2024-10-08,189,9,3,7,18.00,0.01,29.06,Shipped,124.74,62.37
2048,2024-03-04,14,2,6,8,189.00,0.12,13.32,Delivered,1330.56,471.68
2049,2024-09-16,95,10,2,5,780.00,0.05,25.27,Shipped,3705.00,1330.00
2050,2024-08-19,66,10,3,7,780.00,0.14,63.55,Pending,4695.60,1685.60
2051,2024-11-16,108,10,7,5,780.00,0.15,58.85,Delivered,3315.00,1190.00
2052,2024-12-12,174,8,2,5,24.00,0.03,69.20,Shipped,116.40,58.20
2053,2024-11-22,146,4,3,6,545.00,0.10,33.49,Delivered,2943.00,999.00
2054,2024-06-07,146,10,4,3,780.00,0.16,19.91,Delivered,1965.60,705.60
2055,2024-04-24,76,3,7,7,430.00,0.10,82.13,Shipped,2709.00,945.00
2056,2024-11-14,180,1,8,3,1299.00,0.07,20.59,Delivered,3624.21,1029.51
2057,2024-01-16,165,8,3,4,24.00,0.06,80.84,Delivered,90.24,45.12
2058,2024-09-23,156,4,6,6,545.00,0.12,77.59,Shipped,2877.60,976.80
2059,2024-12-02,144,1,5,1,1299.00,0.16,82.08,Delivered,1091.16,309.96
2060,2024-03-01,37,12,7,6,16.00,0.01,70.73,Delivered,95.04,44.55
2061,2024-07-26,152,6,3,7,890.00,0.12,18.83,Shipped,5482.40,1724.80
2062,2024-10-20,97,6,7,2,890.00,0.17,27.81,Shipped,1477.40,464.80
2063,2024-08-06,26,11,3,4,2450.00,0.15,34.90,Shipped,8330.00,2380.00
2064,2024-03-02,65,4,5,7,545.00,0.10,29.56,Delivered,3433.50,1165.50
2065,2024-06-08,131,5,1,1,410.00,0.15,23.99,Delivered,348.50,127.50
2066,2024-01-01,2,11,7,7,2450.00,0.16,40.42,Cancelled,14406.00,4116.00
2067,2024-02-29,196,7,4,2,640.00,0.01,26.11,Pending,1267.20,504.90
2068,2024-01-14,13,2,7,1,189.00,0.11,32.39,Shipped,168.21,59.63
2069,2024-11-06,19,12,6,1,16.00,0.08,68.48,Delivered,14.72,6.90
2070,2024-09-24,51,10,8,7,780.00,0.11,15.67,Shipped,4859.40,1744.40
2071,2024-11-22,72,5,1,8,410.00,0.08,55.72,Shipped,3017.60,1104.00
2072,2024-01-30,183,8,3,7,24.00,0.14,42.05,Shipped,144.48,72.24
2073,2024-03-11,89,1,2,8,1299.00,0.13,72.30,Delivered,9041.04,2568.24
2074,2024-01-25,42,10,2,5,780.00,0.00,80.37,Pending,3900.00,1400.00
2075,2024-05-14,18,4,4,4,545.00,0.08,18.51,Shipped,2005.60,680.80
2076,2024-06-09,92,12,3,4,16.00,0.06,82.15,Shipped,60.16,28.20
2077,2024-10-05,21,8,1,4,24.00,0.15,77.64,Shipped,81.60,40.80
2078,2024-02-22,21,10,3,1,780.00,0.07,27.98,Shipped,725.40,260.40
2079,2024-09-19,172,6,3,8,890.00,0.09,53.86,Shipped,6479.20,2038.40
2080,2024-03-03,49,4,8,2,545.00,0.16,51.80,Shipped,915.60,310.80
2081,2024-10-30,13,12,3,6,16.00,0.01,75.08,Shipped,95.04,44.55
2082,2024-01-23,25,7,5,5,640.00,0.18,29.27,Shipped,2624.00,1045.50
2083,2024-05-08,27,7,8,2,640.00,0.17,78.07,Delivered,1062.40,423.30
2084,2024-09-12,171,9,3,3,18.00,0.01,72.88,Pending,53.46,26.73
2085,2024-09-08,151,9,3,2,18.00,0.11,31.06,Delivered,32.04,16.02
2086,2024-08-02,44,10,6,8,780.00,0.14,62.13,Shipped,5366.40,1926.40
2087,2024-08-06,60,9,4,2,18.00,0.15,24.94,Pending,30.60,15.30
2088,2024-06-12,105,1,6,4,1299.00,0.10,44.82,Delivered,4676.40,1328.40
2089,2024-09-09,180,10,7,7,780.00,0.12,84.60,Shipped,4804.80,1724.80
2090,2024-12-24,16,7,8,4,640.00,0.16,49.83,Delivered,2150.40,856.80
2091,2024-01-08,94,1,7,3,1299.00,0.02,73.37,Shipped,3819.06,1084.86
2092,2024-11-18,90,6,3,2,890.00,0.18,61.55,Pending,1459.60,459.20
2093,2024-01-08,199,6,8,2,890.00,0.12,41.56,Shipped,1566.40,492.80
2094,2024-02-07,134,11,3,2,2450.00,0.18,22.13,Shipped,4018.00,1148.00
2095,2024-08-21,194,10,1,5,780.00,0.04,57.51,Shipped,3744.00,1344.00
2096,2024-10-06,5,3,3,1,430.00,0.15,70.28,Cancelled,365.50,127.50
2097,2024-12-20,187,4,7,5,545.00,0.09,33.31,Shipped,2479.75,841.75
2098,2024-11-06,87,12,2,2,16.00,0.05,44.99,Shipped,30.40,14.25
2099,2024-08-22,193,1,8,2,1299.00,0.06,25.07,Delivered,2442.12,693.72
2100,2024-07-24,115,7,8,4,640.00,0.10,82.96,Shipped,2304.00,918.00
2101,2024-11-11,116,5,7,2,410.00,0.17,16.63,Pending,680.60,249.00
2102,2024-08-24,127,10,8,7,780.00,0.10,74.56,Shipped,4914.00,1764.00
2103,2024-08-11,130,8,3,3,24.00,0.06,54.11,Shipped,67.68,33.84
2104,2024-01-20,165,9,6,1,18.00,0.07,25.60,Pending,16.74,8.37
2105,2024-05-01,95,1,5,1,1299.00,0.12,75.35,Delivered,1143.12,324.72
2106,2024-07-18,98,12,6,8,16.00,0.10,14.24,Shipped,115.20,54.00
2107,2024-05-23,139,3,6,6,430.00,0.05,25.33,Shipped,2451.00,855.00
2108,2024-08-23,152,7,4,3,640.00,0.06,71.51,Shipped,1804.80,719.10
2109,2024-11-22,64,11,3,5,2450.00,0.14,72.61,Shipped,10535.00,3010.00
2110,2024-04-09,140,10,2,6,780.00,0.07,31.03,Pending,4352.40,1562.40
2111,2024-06-16,48,9,6,8,18.00,0.03,80.99,Shipped,139.68,69.84
2112,2024-10-21,44,7,4,4,640.00,0.06,56.38,Pending,2406.40,958.80
2113,2024-02-22,58,9,2,7,18.00,0.07,13.87,Pending,117.18,58.59
2114,2024-09-22,68,7,6,1,640.00,0.11,67.19,Delivered,569.60,226.95
2115,2024-05-27,67,4,1,4,545.00,0.06,57.49,Delivered,2049.20,695.60
2116,2024-09-19,148,2,2,8,189.00,0.11,24.03,Shipped,1345.68,477.04
2117,2024-12-26,86,10,4,5,780.00,0.14,18.28,Shipped,3354.00,1204.00
2118,2024-07-20,79,2,6,5,189.00,0.08,35.85,Shipped,869.40,308.20
2119,2024-02-24,56,12,3,6,16.00,0.11,27.66,Shipped,85.44,40.05
2120,2024-09-25,25,4,7,8,545.00,0.15,15.34,Cancelled,3706.00,1258.00
2121,2024-05-16,39,12,2,5,16.00,0.17,69.85,Shipped,66.40,31.12
2122,2024-06-30,46,8,7,2,24.00,0.13,50.23,Shipped,41.76,20.88
2123,2024-11-05,188,3,8,1,430.00,0.05,21.47,Delivered,408.50,142.50
2124,2024-09-26,143,6,7,3,890.00,0.16,80.27,Shipped,2242.80,705.60
2125,2024-08-07,107,1,6,7,1299.00,0.14,44.83,Shipped,7819.98,2221.38
2126,2024-06-01,43,3,8,6,430.00,0.09,83.77,Delivered,2347.80,819.00
2127,2024-05-23,139,11,6,7,2450.00,0.17,70.15,Shipped,14234.50,4067.00
2128,2024-12-30,158,5,3,3,410.00,0.05,56.85,Shipped,1168.50,427.50
2129,2024-02-12,178,7,6,1,640.00,0.02,74.12,Delivered,627.20,249.90
2130,2024-01-22,40,5,6,4,410.00,0.11,76.12,Shipped,1459.60,534.00
2131,2024-05-01,34,11,2,6,2450.00,0.16,17.05,Shipped,12348.00,3528.00
2132,2024-06-23,124,1,4,7,1299.00,0.10,25.30,Shipped,8183.70,2324.70
2133,2024-06-04,73,9,7,7,18.00,0.11,84.64,Shipped,112.14,56.07
2134,2024-09-12,177,4,7,8,545.00,0.16,69.58,Delivered,3662.40,1243.20
2135,2024-05-29,165,7,3,1,640.00,0.02,73.76,Cancelled,627.20,249.90
2136,2024-12-26,43,6,5,4,890.00,0.17,17.08,Shipped,2954.80,929.60
2137,2024-03-29,182,9,2,3,18.00,0.03,16.59,Shipped,52.38,26.19
2138,2024-03-14,166,1,5,2,1299.00,0.01,65.90,Delivered,2572.02,730.62
2139,2024-09-23,63,7,5,8,640.00,0.03,64.38,Shipped,4966.40,1978.80
2140,2024-01-13,137,3,8,7,430.00,0.09,18.36,Shipped,2739.10,955.50
2141,2024-04-02,90,8,8,6,24.00,0.05,83.05,Shipped,136.80,68.40
2142,2024-05-16,124,3,7,3,430.00,0.16,80.78,Shipped,1083.60,378.00
2143,2024-11-12,24,9,8,7,18.00,0.16,52.43,Delivered,105.84,52.92
2144,2024-07-19,14,9,3,8,18.00,0.17,59.12,Shipped,119.52,59.76
2145,2024-08-22,176,4,4,8,545.00,0.14,65.17,Delivered,3749.60,1272.80
2146,2024-12-01,150,3,1,6,430.00,0.03,23.33,Cancelled,2502.60,873.00
2147,2024-11-10,55,12,7,3,16.00,0.17,65.49,Delivered,39.84,18.68
2148,2024-12-02,150,2,5,4,189.00,0.10,22.50,Delivered,680.40,241.20
2149,2024-06-15,168,6,4,4,890.00,0.06,80.60,Shipped,3346.40,1052.80
2150,2024-03-03,126,12,8,8,16.00,0.04,71.00,Shipped,122.88,57.60
2151,2024-01-11,147,6,5,5,890.00,0.10,81.57,Shipped,4005.00,1260.00
2152,2024-02-29,47,8,8,1,24.00,0.03,24.73,Shipped,23.28,11.64
2153,2024-01-29,85,4,8,8,545.00,0.13,27.64,Delivered,3793.20,1287.60
2154,2024-06-16,36,10,4,3,780.00,0.03,71.30,Delivered,2269.80,814.80
2155,2024-02-20,35,6,7,1,890.00,0.10,24.65,Delivered,801.00,252.00
2156,2024-05-15,195,9,8,8,18.00,0.09,48.93,Shipped,131.04,65.52
2157,2024-06-27,176,4,6,6,545.00,0.03,58.53,Shipped,3171.90,1076.70
2158,2024-02-01,193,1,4,1,1299.00,0.05,34.05,Delivered,1234.05,350.55
2159,2024-11-26,21,10,6,2,780.00,0.08,37.32,Delivered,1435.20,515.20
2160,2024-04-17,187,10,2,1,780.00,0.14,58.93,Shipped,670.80,240.80
2161,2024-10-27,192,6,1,2,890.00,0.05,46.89,Pending,1691.00,532.00
2162,2024-09-18,50,1,4,1,1299.00,0.10,84.43,Shipped,1169.10,332.10
2163,2024-12-17,152,8,2,2,24.00,0.03,15.53,Shipped,46.56,23.28
2164,2024-03-18,30,4,3,2,545.00,0.16,79.45,Cancelled,915.60,310.80
2165,2024-07-28,120,11,3,1,2450.00,0.02,68.31,Pending,2401.00,686.00
2166,2024-02-29,29,7,7,2,640.00,0.02,25.19,Shipped,1254.40,499.80
2167,2024-01-17,115,3,6,8,430.00,0.17,26.45,Pending,2855.20,996.00
2168,2024-04-19,10,5,4,7,410.00,0.07,27.21,Shipped,2669.10,976.50
2169,2024-04-01,117,11,5,2,2450.00,0.03,69.31,Shipped,4753.00,1358.00
2170,2024-02-16,73,1,7,3,1299.00,0.17,74.77,Shipped,3234.51,918.81
2171,2024-06-16,35,3,5,7,430.00,0.02,73.32,Shipped,2949.80,1029.00
2172,2024-12-24,94,6,7,2,890.00,0.15,65.73,Shipped,1513.00,476.00
2173,2024-04-19,184,11,6,3,2450.00,0.14,54.59,Delivered,6321.00,1806.00
2174,2024-02-19,59,8,2,3,24.00,0.05,42.94,Shipped,68.40,34.20
2175,2024-06-16,139,6,7,5,890.00,0.14,21.51,Delivered,3827.00,1204.00
2176,2024-05-12,20,12,3,1,16.00,0.03,47.18,Shipped,15.52,7.27
2177,2024-03-04,93,10,3,8,780.00,0.04,48.12,Shipped,5990.40,2150.40
2178,2024-11-02,159,1,8,2,1299.00,0.08,74.92,Shipped,2390.16,678.96
2179,2024-04-26,34,3,5,2,430.00,0.06,31.06,Delivered,808.40,282.00
2180,2024-12-16,162,11,1,4,2450.00,0.13,75.25,Shipped,8526.00,2436.00
2181,2024-01-31,32,1,6,7,1299.00,0.17,53.20,Delivered,7547.19,2143.89
2182,2024-08-19,95,7,5,2,640.00,0.07,55.08,Delivered,1190.40,474.30
2183,2024-06-27,96,5,7,3,410.00,0.17,30.34,Delivered,1020.90,373.50
2184,2024-03-11,65,8,7,1,24.00,0.02,52.51,Delivered,23.52,11.76
2185,2024-09-20,32,1,4,1,1299.00,0.15,65.78,Shipped,1104.15,313.65
2186,2024-04-27,26,8,7,5,24.00,0.14,18.57,Shipped,103.20,51.60
2187,2024-09-21,11,9,1,2,18.00,0.15,60.92,Shipped,30.60,15.30
2188,2024-03-16,152,1,2,6,1299.00,0.13,45.83,Shipped,6780.78,1926.18
2189,2024-01-22,105,8,2,4,24.00,0.01,64.02,Shipped,95.04,47.52
2190,2024-01-25,74,6,5,8,890.00,0.05,70.47,Shipped,6764.00,2128.00
2191,2024-12-26,51,1,1,7,1299.00,0.03,50.81,Shipped,8820.21,2505.51
2192,2024-06-30,115,7,7,5,640.00,0.09,26.93,Shipped,2912.00,1160.25
2193,2024-06-19,51,11,4,7,2450.00,0.03,71.12,Delivered,16635.50,4753.00
2194,2024-05-10,112,7,7,3,640.00,0.01,54.72,Shipped,1900.80,757.35
2195,2024-03-11,180,8,1,1,24.00,0.01,31.42,Shipped,23.76,11.88
2196,2024-02-21,80,6,1,2,890.00,0.14,15.69,Shipped,1530.80,481.60
2197,2024-12-07,120,2,5,1,189.00,0.00,59.82,Shipped,189.00,67.00
2198,2024-10-05,197,9,2,5,18.00,0.10,35.00,Pending,81.00,40.50
2199,2024-12-28,17,6,3,1,890.00,0.05,56.45,Shipped,845.50,266.00
2200,2024-10-28,77,11,8,7,2450.00,0.14,50.63,Shipped,14749.00,4214.00
2201,2024-04-24,166,2,4,8,189.00,0.11,62.02,Delivered,1345.68,477.04
2202,2024-07-14,155,9,5,2,18.00,0.07,39.89,Shipped,33.48,16.74
2203,2024-04-20,125,5,1,8,410.00,0.09,31.43,Shipped,2984.80,1092.00
2204,2024-03-30,196,6,7,3,890.00,0.04,62.29,Shipped,2563.20,806.40
2205,2024-10-29,153,5,2,8,410.00,0.15,16.89,Delivered,2788.00,1020.00
2206,2024-05-15,43,7,3,1,640.00,0.04,15.72,Shipped,614.40,244.80
2207,2024-10-03,44,2,2,7,189.00,0.01,23.56,Pending,1309.77,464.31
2208,2024-01-15,162,11,5,2,2450.00,0.15,77.84,Shipped,4165.00,1190.00
2209,2024-02-12,61,6,8,3,890.00,0.16,18.10,Shipped,2242.80,705.60
2210,2024-01-12,188,9,5,1,18.00,0.15,74.15,Cancelled,15.30,7.65
2211,2024-07-23,67,5,3,3,410.00,0.14,44.94,Delivered,1057.80,387.00
2212,2024-07-01,134,9,4,8,18.00,0.18,39.29,Delivered,118.08,59.04
2213,2024-10-03,45,1,1,5,1299.00,0.10,42.57,Shipped,5845.50,1660.50
2214,2024-12-07,24,3,4,7,430.00,0.10,33.87,Shipped,2709.00,945.00
2215,2024-11-27,172,2,3,8,189.00,0.12,55.10,Delivered,1330.56,471.68
2216,2024-11-03,172,7,3,8,640.00,0.13,40.62,Delivered,4454.40,1774.80
2217,2024-12-09,123,11,1,5,2450.00,0.01,37.89,Delivered,12127.50,3465.00
2218,2024-05-12,23,10,7,2,780.00,0.06,15.21,Delivered,1466.40,526.40
2219,2024-11-24,64,3,8,5,430.00,0.12,71.02,Shipped,1892.00,660.00
2220,2024-04-24,86,12,7,6,16.00,0.02,79.96,Shipped,94.08,44.10
2221,2024-12-03,172,11,7,3,2450.00,0.05,15.30,Pending,6982.50,1995.00
2222,2024-08-03,180,11,5,7,2450.00,0.07,30.15,Shipped,15949.50,4557.00
2223,2024-11-09,110,1,5,8,1299.00,0.09,23.07,Shipped,9456.72,2686.32
2224,2024-03-19,144,6,2,7,890.00,0.03,83.63,Shipped,6043.10,1901.20
2225,2024-05-04,162,7,5,3,640.00,0.00,82.64,Cancelled,1920.00,765.00
2226,2024-04-23,69,9,7,4,18.00,0.11,76.26,Shipped,64.08,32.04
2227,2024-05-12,102,8,3,8,24.00,0.11,16.97,Shipped,170.88,85.44
2228,2024-02-02,23,5,2,4,410.00,0.18,20.25,Delivered,1344.80,492.00
2229,2024-05-07,92,11,3,4,2450.00,0.13,19.88,Shipped,8526.00,2436.00
2230,2024-07-27,1,6,3,4,890.00,0.01,30.58,Shipped,3524.40,1108.80
2231,2024-02-18,103,6,1,3,890.00,0.06,81.80,Delivered,2509.80,789.60
2232,2024-09-10,38,5,2,2,410.00,0.08,59.47,Delivered,754.40,276.00
2233,2024-12-22,75,5,1,7,410.00,0.07,16.61,Delivered,2669.10,976.50
2234,2024-09-04,192,2,3,5,189.00,0.11,53.85,Shipped,841.05,298.15
2235,2024-01-22,140,9,1,7,18.00,0.08,52.23,Shipped,115.92,57.96
2236,2024-02-10,114,5,7,2,410.00,0.14,73.30,Pending,705.20,258.00
2237,2024-07-20,161,7,5,7,640.00,0.11,51.30,Delivered,3987.20,1588.65
2238,2024-05-07,179,10,7,8,780.00,0.06,48.99,Shipped,5865.60,2105.60
2239,2024-12-18,24,6,6,5,890.00,0.18,70.66,Shipped,3649.00,1148.00
2240,2024-03-04,158,3,3,1,430.00,0.15,69.02,Cancelled,365.50,127.50
2241,2024-05-06,179,7,1,6,640.00,0.02,46.64,Shipped,3763.20,1499.40
2242,2024-02-01,59,10,7,4,780.00,0.08,30.14,Cancelled,2870.40,1030.40
2243,2024-11-27,33,2,5,6,189.00,0.07,16.07,Shipped,1054.62,373.86
2244,2024-01-26,7,10,5,3,780.00,0.05,82.90,Shipped,2223.00,798.00
2245,2024-01-25,76,7,7,5,640.00,0.14,66.06,Shipped,2752.00,1096.50
2246,2024-08-10,111,8,7,1,24.00,0.06,43.81,Shipped,22.56,11.28
2247,2024-06-08,81,7,6,8,640.00,0.14,36.81,Delivered,4403.20,1754.40
2248,2024-10-19,116,5,6,4,410.00,0.03,48.97,Pending,1590.80,582.00
2249,2024-08-05,34,4,6,5,545.00,0.14,75.94,Delivered,2343.50,795.50
2250,2024-11-20,48,7,6,5,640.00,0.01,40.94,Shipped,3168.00,1262.25
2251,2024-11-07,89,4,1,1,545.00,0.13,61.29,Shipped,474.15,160.95
2252,2024-04-05,31,3,3,5,430.00,0.03,67.63,Shipped,2085.50,727.50
2253,2024-09-01,178,11,8,5,2450.00,0.07,67.76,Pending,11392.50,3255.00
2254,2024-07-18,8,2,2,3,189.00,0.05,83.80,Shipped,538.65,190.95
2255,2024-09-14,65,9,7,1,18.00,0.00,78.02,Shipped,18.00,9.00
2256,2024-02-25,122,10,7,8,780.00,0.13,84.39,Shipped,5428.80,1948.80
2257,2024-02-10,45,10,6,8,780.00,0.17,77.50,Delivered,5179.20,1859.20
2258,2024-05-19,115,3,7,5,430.00,0.15,58.62,Shipped,1827.50,637.50
2259,2024-03-16,187,2,3,1,189.00,0.04,30.34,Delivered,181.44,64.32
2260,2024-09-02,88,4,7,6,545.00,0.13,65.25,Delivered,2844.90,965.70
2261,2024-09-29,13,8,6,3,24.00,0.07,31.33,Shipped,66.96,33.48
2262,2024-06-07,33,2,4,6,189.00,0.16,38.43,Delivered,952.56,337.68
2263,2024-05-17,13,1,7,5,1299.00,0.05,38.82,Pending,6170.25,1752.75
2264,2024-06-22,190,3,4,2,430.00,0.02,80.95,Shipped,842.80,294.00
2265,2024-12-31,115,5,8,2,410.00,0.08,77.79,Shipped,754.40,276.00
2266,2024-04-15,63,11,5,3,2450.00,0.09,14.24,Delivered,6688.50,1911.00
2267,2024-10-11,138,7,3,2,640.00,0.16,37.82,Shipped,1075.20,428.40
2268,2024-10-04,16,2,7,4,189.00,0.15,30.61,Delivered,642.60,227.80
2269,2024-04-09,9,7,4,6,640.00,0.13,48.72,Shipped,3340.80,1331.10
2270,2024-11-15,59,6,4,5,890.00,0.00,74.62,Delivered,4450.00,1400.00
2271,2024-11-20,190,2,2,7,189.00,0.08,48.88,Shipped,1217.16,431.48
2272,2024-02-04,109,6,3,5,890.00,0.05,78.93,Cancelled,4227.50,1330.00
2273,2024-05-13,68,7,1,4,640.00,0.15,76.17,Pending,2176.00,867.00
2274,2024-08-31,155,10,4,8,780.00,0.13,52.33,Shipped,5428.80,1948.80
2275,2024-12-17,167,12,6,4,16.00,0.12,21.00,Shipped,56.32,26.40
2276,2024-09-14,132,11,5,7,2450.00,0.14,53.46,Shipped,14749.00,4214.00
2277,2024-10-27,136,9,3,1,18.00,0.06,83.93,Shipped,16.92,8.46
2278,2024-12-25,35,8,2,5,24.00,0.15,61.71,Shipped,102.00,51.00
2279,2024-04-29,10,2,7,5,189.00,0.03,21.65,Shipped,916.65,324.95
2280,2024-10-12,167,4,8,3,545.00,0.09,29.39,Delivered,1487.85,505.05
2281,2024-03-18,29,11,8,1,2450.00,0.07,71.63,Delivered,2278.50,651.00
2282,2024-10-17,54,3,1,4,430.00,0.03,20.84,Delivered,1668.40,582.00
2283,2024-01-08,48,4,3,1,545.00,0.00,62.49,Shipped,545.00,185.00
2284,2024-08-10,98,2,1,1,189.00,0.09,58.09,Pending,171.99,60.97
2285,2024-10-12,174,8,7,2,24.00,0.00,18.10,Shipped,48.00,24.00
2286,2024-07-09,99,2,5,1,189.00,0.17,29.17,Shipped,156.87,55.61
2287,2024-06-12,167,4,2,1,545.00,0.14,32.17,Delivered,468.70,159.10
2288,2024-10-08,165,3,4,6,430.00,0.06,75.24,Shipped,2425.20,846.00
2289,2024-12-12,26,1,1,4,1299.00,0.13,84.60,Shipped,4520.52,1284.12
2290,2024-07-25,47,1,6,5,1299.00,0.17,81.53,Shipped,5390.85,1531.35
2291,2024-08-12,20,6,1,1,890.00,0.08,82.99,Pending,818.80,257.60
2292,2024-08-04,69,2,2,1,189.00,0.16,40.69,Shipped,158.76,56.28
2293,2024-02-14,182,2,4,5,189.00,0.00,44.63,Shipped,945.00,335.00
2294,2024-07-23,158,10,5,8,780.00,0.01,56.91,Shipped,6177.60,2217.60
2295,2024-10-14,195,4,7,7,545.00,0.10,33.48,Shipped,3433.50,1165.50
2296,2024-09-30,186,10,7,3,780.00,0.07,45.52,Shipped,2176.20,781.20
2297,2024-04-29,139,7,2,8,640.00,0.10,61.80,Pending,4608.00,1836.00
2298,2024-11-10,19,6,1,6,890.00,0.14,43.30,Shipped,4592.40,1444.80
2299,2024-02-09,146,8,7,1,24.00,0.12,29.28,Shipped,21.12,10.56
2300,2024-02-14,34,7,6,8,640.00,0.15,58.07,Shipped,4352.00,1734.00
2301,2024-04-05,98,1,5,2,1299.00,0.10,12.43,Delivered,2338.20,664.20
2302,2024-10-19,95,3,2,8,430.00,0.07,49.27,Cancelled,3199.20,1116.00
2303,2024-03-01,118,8,8,5,24.00,0.13,60.98,Shipped,104.40,52.20
2304,2024-05-31,99,10,3,2,780.00,0.02,61.13,Delivered,1528.80,548.80
2305,2024-10-09,38,5,2,7,410.00,0.17,43.81,Shipped,2382.10,871.50
2306,2024-03-13,155,8,6,2,24.00,0.08,71.21,Delivered,44.16,22.08
2307,2024-05-15,185,12,6,5,16.00,0.16,19.68,Shipped,67.20,31.50
2308,2024-12-14,76,6,8,1,890.00,0.06,68.90,Shipped,836.60,263.20
2309,2024-10-22,37,3,6,8,430.00,0.15,63.85,Shipped,2924.00,1020.00
2310,2024-01-26,17,11,7,4,2450.00,0.17,77.59,Shipped,8134.00,2324.00
2311,2024-01-28,118,3,4,3,430.00,0.05,75.11,Cancelled,1225.50,427.50
2312,2024-09-14,42,9,6,5,18.00,0.00,18.49,Shipped,90.00,45.00
2313,2024-09-21,47,3,5,8,430.00,0.04,21.95,Shipped,3302.40,1152.00
2314,2024-07-18,139,6,1,8,890.00,0.01,69.40,Delivered,7048.80,2217.60
2315,2024-11-24,179,1,2,2,1299.00,0.10,83.15,Pending,2338.20,664.20
2316,2024-08-25,28,11,2,6,2450.00,0.03,17.90,Delivered,14259.00,4074.00
2317,2024-07-04,59,8,1,3,24.00,0.04,14.40,Shipped,69.12,34.56
2318,2024-08-08,152,6,1,1,890.00,0.17,30.72,Delivered,738.70,232.40
2319,2024-11-30,23,9,5,6,18.00,0.13,28.57,Pending,93.96,46.98
2320,2024-10-17,134,8,7,4,24.00,0.16,42.09,Shipped,80.64,40.32
2321,2024-05-11,72,8,2,7,24.00,0.15,18.43,Pending,142.80,71.40
2322,2024-09-20,37,8,4,5,24.00,0.15,18.03,Delivered,102.00,51.00
2323,2024-02-06,10,5,6,1,410.00,0.03,68.55,Pending,397.70,145.50
2324,2024-07-25,57,11,3,2,2450.00,0.08,33.66,Cancelled,4508.00,1288.00
2325,2024-07-03,113,5,4,6,410.00,0.16,23.05,Shipped,2066.40,756.00
2326,2024-07-26,70,9,7,1,18.00,0.13,44.69,Shipped,15.66,7.83
2327,2024-04-22,184,5,5,4,410.00,0.10,82.64,Shipped,1476.00,540.00
2328,2024-04-26,98,11,5,7,2450.00,0.16,51.43,Shipped,14406.00,4116.00
2329,2024-01-28,115,8,5,1,24.00,0.07,44.78,Shipped,22.32,11.16
2330,2024-02-10,94,7,3,4,640.00,0.10,65.23,Shipped,2304.00,918.00
2331,2024-01-18,139,6,6,2,890.00,0.01,57.91,Shipped,1762.20,554.40
2332,2024-01-15,171,10,2,4,780.00,0.02,18.08,Shipped,3057.60,1097.60
2333,2024-09-16,100,2,1,3,189.00,0.06,33.53,Delivered,532.98,188.94
2334,2024-12-15,100,1,3,3,1299.00,0.11,41.65,Pending,3468.33,985.23
2335,2024-04-29,81,5,2,3,410.00,0.18,77.19,Pending,1008.60,369.00
2336,2024-04-03,113,6,6,1,890.00,0.00,74.78,Delivered,890.00,280.00
2337,2024-12-24,13,2,6,2,189.00,0.06,74.99,Delivered,355.32,125.96
2338,2024-06-26,168,11,5,8,2450.00,0.11,57.09,Shipped,17444.00,4984.00
2339,2024-05-24,12,8,2,8,24.00,0.13,73.65,Shipped,167.04,83.52
2340,2024-10-08,13,6,6,1,890.00,0.16,60.65,Delivered,747.60,235.20
2341,2024-01-25,3,7,5,4,640.00,0.17,68.42,Shipped,2124.80,846.60
2342,2024-12-19,149,2,1,5,189.00,0.06,80.45,Delivered,888.30,314.90
2343,2024-08-07,12,9,5,2,18.00,0.01,33.89,Pending,35.64,17.82
2344,2024-02-18,57,11,6,3,2450.00,0.17,38.22,Delivered,6100.50,1743.00
2345,2024-05-04,96,11,6,3,2450.00,0.01,40.32,Shipped,7276.50,2079.00
2346,2024-07-27,125,10,1,1,780.00,0.07,43.28,Delivered,725.40,260.40
2347,2024-10-07,16,2,7,8,189.00,0.09,15.22,Pending,1375.92,487.76
2348,2024-05-03,123,9,5,3,18.00,0.13,81.82,Pending,46.98,23.49
2349,2024-10-18,74,5,6,4,410.00,0.00,40.66,Shipped,1640.00,600.00
2350,2024-03-21,86,6,1,4,890.00,0.03,37.40,Shipped,3453.20,1086.40
2351,2024-09-09,55,7,6,5,640.00,0.02,40.55,Shipped,3136.00,1249.50
2352,2024-08-23,138,5,3,1,410.00,0.11,60.29,Shipped,364.90,133.50
2353,2024-03-17,57,4,5,6,545.00,0.15,17.09,Delivered,2779.50,943.50
2354,2024-01-17,147,1,7,1,1299.00,0.06,12.41,Delivered,1221.06,346.86
2355,2024-10-03,143,7,5,4,640.00,0.00,76.71,Shipped,2560.00,1020.00
2356,2024-07-15,101,8,4,3,24.00,0.11,12.47,Delivered,64.08,32.04
2357,2024-06-20,117,6,8,6,890.00,0.15,74.83,Shipped,4539.00,1428.00
2358,2024-10-30,189,10,7,5,780.00,0.03,15.39,Cancelled,3783.00,1358.00
2359,2024-05-03,108,11,3,1,2450.00,0.16,22.33,Shipped,2058.00,588.00
2360,2024-09-23,48,2,5,8,189.00,0.18,76.96,Pending,1239.84,439.52
2361,2024-03-05,1,8,2,2,24.00,0.14,73.46,Shipped,41.28,20.64
2362,2024-10-08,2,3,4,7,430.00,0.13,24.28,Pending,2618.70,913.50
2363,2024-11-07,186,11,3,2,2450.00,0.06,78.46,Delivered,4606.00,1316.00
2364,2024-09-24,147,8,1,6,24.00,0.10,43.66,Delivered,129.60,64.80
2365,2024-09-14,112,4,6,6,545.00,0.10,17.95,Shipped,2943.00,999.00
2366,2024-06-09,146,12,8,8,16.00,0.03,62.42,Shipped,124.16,58.20
2367,2024-09-21,12,12,1,6,16.00,0.17,46.95,Delivered,79.68,37.35
2368,2024-12-24,155,4,2,7,545.00,0.11,23.28,Delivered,3395.35,1152.55
2369,2024-09-02,45,9,5,6,18.00,0.17,34.70,Shipped,89.64,44.82
2370,2024-02-19,132,3,3,8,430.00,0.03,15.94,Shipped,3336.80,1164.00
2371,2024-11-10,76,9,3,4,18.00,0.02,81.02,Shipped,70.56,35.28
2372,2024-02-15,72,5,8,5,410.00,0.12,65.37,Delivered,1804.00,660.00
2373,2024-09-25,192,2,2,7,189.00,0.18,81.83,Shipped,1084.86,384.58
2374,2024-12-29,51,12,1,3,16.00,0.13,65.64,Shipped,41.76,19.57
2375,2024-11-20,54,1,5,3,1299.00,0.04,21.58,Delivered,3741.12,1062.72
2376,2024-09-11,92,3,2,4,430.00,0.07,26.16,Delivered,1599.60,558.00
2377,2024-03-07,129,2,7,6,189.00,0.16,41.72,Shipped,952.56,337.68
2378,2024-01-02,175,1,6,4,1299.00,0.17,44.12,Shipped,4312.68,1225.08
2379,2024-07-22,150,2,4,3,189.00,0.14,61.92,Pending,487.62,172.86
2380,2024-11-02,23,7,2,8,640.00,0.05,75.16,Shipped,4864.00,1938.00
2381,2024-03-22,150,12,4,2,16.00,0.17,14.13,Shipped,26.56,12.45
2382,2024-10-04,71,2,7,7,189.00,0.03,53.43,Delivered,1283.31,454.93
2383,2024-04-13,31,7,8,1,640.00,0.09,38.78,Shipped,582.40,232.05
2384,2024-07-07,107,7,8,1,640.00,0.07,63.13,Delivered,595.20,237.15
2385,2024-02-13,147,9,7,6,18.00,0.07,34.13,Shipped,100.44,50.22
2386,2024-05-10,77,11,1,8,2450.00,0.17,40.58,Shipped,16268.00,4648.00
2387,2024-06-05,155,4,4,7,545.00,0.06,34.07,Pending,3586.10,1217.30
2388,2024-03-26,117,4,3,3,545.00,0.07,43.67,Delivered,1520.55,516.15
2389,2024-02-15,76,3,5,4,430.00,0.14,60.58,Delivered,1479.20,516.00
2390,2024-06-24,168,9,6,5,18.00,0.12,19.40,Shipped,79.20,39.60
2391,2024-09-19,163,1,8,2,1299.00,0.13,79.91,Shipped,2260.26,642.06
2392,2024-05-02,186,5,2,7,410.00,0.05,26.67,Shipped,2726.50,997.50
2393,2024-05-02,35,12,5,8,16.00,0.18,25.63,Shipped,104.96,49.20
2394,2024-01-30,94,9,4,4,18.00,0.04,81.29,Delivered,69.12,34.56
2395,2024-01-18,177,4,2,2,545.00,0.13,38.71,Pending,948.30,321.90
2396,2024-09-12,104,1,6,5,1299.00,0.07,46.08,Delivered,6040.35,1715.85
2397,2024-12-19,145,11,5,8,2450.00,0.06,45.11,Shipped,18424.00,5264.00
2398,2024-05-17,185,11,6,4,2450.00,0.06,29.51,Shipped,9212.00,2632.00
2399,2024-08-29,70,7,7,7,640.00,0.17,16.64,Shipped,3718.40,1481.55
2400,2024-05-23,33,2,3,6,189.00,0.05,13.62,Pending,1077.30,381.90
2401,2024-01-05,147,6,5,2,890.00,0.15,25.53,Shipped,1513.00,476.00
2402,2024-03-14,83,6,7,7,890.00,0.05,44.61,Shipped,5918.50,1862.00
2403,2024-05-02,4,8,5,3,24.00,0.04,68.72,Shipped,69.12,34.56
2404,2024-03-01,69,3,7,2,430.00,0.17,32.87,Cancelled,713.80,249.00
2405,2024-05-15,167,9,4,4,18.00,0.14,23.49,Shipped,61.92,30.96
2406,2024-02-29,78,6,5,4,890.00,0.13,16.08,Shipped,3097.20,974.40
2407,2024-04-22,169,8,4,2,24.00,0.17,61.69,Shipped,39.84,19.92
2408,2024-09-30,166,11,2,8,2450.00,0.17,72.00,Delivered,16268.00,4648.00
2409,2024-03-13,31,2,6,8,189.00,0.02,80.07,Shipped,1481.76,525.28
2410,2024-03-21,54,6,5,3,890.00,0.08,78.13,Delivered,2456.40,772.80
2411,2024-05-12,69,11,8,1,2450.00,0.02,26.16,Cancelled,2401.00,686.00
2412,2024-11-27,174,1,7,6,1299.00,0.16,71.89,Shipped,6546.96,1859.76
2413,2024-08-15,119,8,3,7,24.00,0.07,35.65,Shipped,156.24,78.12
2414,2024-08-27,1,2,5,1,189.00,0.12,15.40,Delivered,166.32,58.96
2415,2024-12-24,92,3,8,2,430.00,0.00,80.33,Shipped,860.00,300.00
2416,2024-09-22,169,1,1,1,1299.00,0.17,47.32,Pending,1078.17,306.27
2417,2024-03-06,17,5,3,6,410.00,0.08,73.81,Shipped,2263.20,828.00
2418,2024-08-05,7,10,5,4,780.00,0.17,62.54,Shipped,2589.60,929.60
2419,2024-04-21,196,7,2,8,640.00,0.18,78.32,Shipped,4198.40,1672.80
2420,2024-04-11,97,10,6,6,780.00,0.13,49.82,Shipped,4071.60,1461.60
2421,2024-01-14,154,11,3,8,2450.00,0.14,37.11,Delivered,16856.00,4816.00
2422,2024-11-11,91,11,4,4,2450.00,0.03,23.01,Pending,9506.00,2716.00
2423,2024-08-14,59,12,4,3,16.00,0.00,38.54,Shipped,48.00,22.50
2424,2024-12-21,57,6,4,3,890.00,0.04,43.16,Shipped,2563.20,806.40
2425,2024-01-18,121,7,2,1,640.00,0.10,45.52,Shipped,576.00,229.50
2426,2024-07-18,156,8,2,3,24.00,0.15,26.59,Shipped,61.20,30.60
2427,2024-01-08,126,2,3,7,189.00,0.02,59.07,Cancelled,1296.54,459.62
2428,2024-10-10,57,9,3,2,18.00,0.17,47.99,Delivered,29.88,14.94
2429,2024-11-18,112,12,5,5,16.00,0.14,46.93,Shipped,68.80,32.25
2430,2024-05-14,34,3,4,4,430.00,0.18,83.72,Shipped,1410.40,492.00
2431,2024-03-23,183,9,1,2,18.00,0.14,33.32,Cancelled,30.96,15.48
2432,2024-06-26,144,11,3,3,2450.00,0.03,81.96,Shipped,7129.50,2037.00
2433,2024-07-12,47,10,6,4,780.00,0.07,15.60,Shipped,2901.60,1041.60
2434,2024-11-21,185,8,4,2,24.00,0.15,20.38,Shipped,40.80,20.40
2435,2024-07-22,176,8,5,2,24.00,0.15,12.46,Pending,40.80,20.40
2436,2024-04-27,144,5,2,6,410.00,0.03,76.86,Shipped,2386.20,873.00
2437,2024-07-16,45,7,1,5,640.00,0.12,28.73,Delivered,2816.00,1122.00
2438,2024-08-30,169,6,7,2,890.00,0.06,32.21,Shipped,1673.20,526.40
2439,2024-07-04,82,5,2,3,410.00,0.17,60.16,Shipped,1020.90,373.50
2440,2024-08-07,185,5,2,2,410.00,0.10,79.04,Shipped,738.00,270.00
2441,2024-08-07,70,1,2,7,1299.00,0.11,27.44,Shipped,8092.77,2298.87
2442,2024-10-07,128,6,3,1,890.00,0.09,12.04,Shipped,809.90,254.80
2443,2024-05-09,44,7,3,1,640.00,0.01,75.28,Shipped,633.60,252.45
2444,2024-03-10,187,11,2,3,2450.00,0.06,80.68,Shipped,6909.00,1974.00
2445,2024-08-08,159,7,8,8,640.00,0.07,53.35,Shipped,4761.60,1897.20
2446,2024-04-20,19,3,7,8,430.00,0.16,28.89,Delivered,2889.60,1008.00
2447,2024-04-04,34,8,7,1,24.00,0.08,36.76,Shipped,22.08,11.04
2448,2024-09-28,137,10,8,7,780.00,0.06,73.37,Delivered,5132.40,1842.40
2449,2024-11-19,176,10,5,4,780.00,0.02,18.69,Delivered,3057.60,1097.60
2450,2024-06-17,80,4,1,6,545.00,0.03,21.10,Shipped,3171.90,1076.70
2451,2024-03-02,151,2,6,1,189.00,0.14,47.50,Shipped,162.54,57.62
2452,2024-05-24,145,11,8,5,2450.00,0.09,63.90,Shipped,11147.50,3185.00
2453,2024-08-03,144,8,7,5,24.00,0.06,60.57,Shipped,112.80,56.40
2454,2024-07-24,77,10,8,8,780.00,0.17,76.59,Shipped,5179.20,1859.20
2455,2024-04-13,99,6,7,1,890.00,0.05,36.14,Shipped,845.50,266.00
2456,2024-05-05,91,6,4,8,890.00,0.04,54.99,Shipped,6835.20,2150.40
2457,2024-05-19,145,7,3,8,640.00,0.08,20.02,Pending,4710.40,1876.80
2458,2024-11-28,92,3,7,4,430.00,0.06,15.62,Shipped,1616.80,564.00
2459,2024-08-26,185,1,3,6,1299.00,0.06,23.79,Shipped,7326.36,2081.16
2460,2024-07-30,173,4,7,5,545.00,0.04,17.72,Shipped,2616.00,888.00
2461,2024-05-28,135,10,6,7,780.00,0.06,32.56,Pending,5132.40,1842.40
2462,2024-05-06,77,6,5,5,890.00,0.13,34.44,Shipped,3871.50,1218.00
2463,2024-02-07,79,10,2,7,780.00,0.10,56.05,Shipped,4914.00,1764.00
2464,2024-11-07,63,12,5,5,16.00,0.10,32.81,Shipped,72.00,33.75
2465,2024-05-18,105,5,1,3,410.00,0.03,15.49,Shipped,1193.10,436.50
2466,2024-08-03,33,10,8,4,780.00,0.18,60.84,Shipped,2558.40,918.40
2467,2024-09-24,150,5,2,4,410.00,0.03,82.62,Cancelled,1590.80,582.00
2468,2024-10-19,115,3,1,3,430.00,0.02,46.95,Shipped,1264.20,441.00
2469,2024-06-16,78,9,6,4,18.00,0.05,63.81,Shipped,68.40,34.20
2470,2024-06-21,121,10,3,3,780.00,0.01,12.74,Shipped,2316.60,831.60
2471,2024-10-17,111,5,7,2,410.00,0.03,56.60,Shipped,795.40,291.00
2472,2024-01-15,37,12,6,2,16.00,0.02,20.38,Delivered,31.36,14.70
2473,2024-08-24,86,7,6,7,640.00,0.03,54.51,Pending,4345.60,1731.45
2474,2024-08-29,1,9,7,2,18.00,0.17,56.49,Delivered,29.88,14.94
2475,2024-05-13,181,6,5,4,890.00,0.05,35.89,Shipped,3382.00,1064.00
2476,2024-02-13,19,4,6,1,545.00,0.16,33.65,Shipped,457.80,155.40
2477,2024-07-27,41,11,3,1,2450.00,0.15,26.23,Shipped,2082.50,595.00
2478,2024-04-03,68,7,4,2,640.00,0.00,28.94,Shipped,1280.00,510.00
2479,2024-10-23,107,9,7,1,18.00,0.01,69.78,Cancelled,17.82,8.91
2480,2024-11-29,81,12,3,5,16.00,0.07,54.53,Shipped,74.40,34.88
2481,2024-11-30,23,11,8,8,2450.00,0.16,16.70,Shipped,16464.00,4704.00
2482,2024-01-20,78,4,6,1,545.00,0.03,51.17,Delivered,528.65,179.45
2483,2024-07-06,13,3,3,5,430.00,0.08,36.70,Shipped,1978.00,690.00
2484,2024-06-21,187,3,4,4,430.00,0.02,84.56,Pending,1685.60,588.00
2485,2024-04-29,3,3,1,3,430.00,0.06,53.87,Shipped,1212.60,423.00
2486,2024-04-14,3,4,1,4,545.00,0.04,41.81,Shipped,2092.80,710.40
2487,2024-12-20,32,11,7,8,2450.00,0.07,71.55,Shipped,18228.00,5208.00
2488,2024-08-06,37,8,6,6,24.00,0.04,66.63,Shipped,138.24,69.12
2489,2024-11-24,95,4,1,2,545.00,0.17,24.63,Shipped,904.70,307.10
2490,2024-10-24,143,5,8,3,410.00,0.04,27.83,Delivered,1180.80,432.00
2491,2024-03-08,12,3,5,8,430.00,0.01,82.97,Shipped,3405.60,1188.00
2492,2024-01-09,24,8,3,3,24.00,0.12,21.67,Shipped,63.36,31.68
2493,2024-07-10,15,8,7,5,24.00,0.12,51.89,Delivered,105.60,52.80
2494,2024-02-22,122,11,8,6,2450.00,0.15,42.22,Pending,12495.00,3570.00
2495,2024-11-03,47,5,1,7,410.00,0.06,51.54,Shipped,2697.80,987.00
2496,2024-08-13,40,11,8,3,2450.00,0.06,75.67,Shipped,6909.00,1974.00
2497,2024-03-20,82,10,1,6,780.00,0.07,67.35,Shipped,4352.40,1562.40
2498,2024-05-10,130,12,3,4,16.00,0.09,57.79,Shipped,58.24,27.30
2499,2024-02-09,48,2,3,2,189.00,0.02,15.44,Shipped,370.44,131.32
2500,2024-09-19,11,4,6,7,545.00,0.15,66.22,Shipped,3242.75,1100.75
2501,2024-02-07,117,1,8,5,1299.00,0.12,70.25,Delivered,5715.60,1623.60
2502,2024-11-02,39,6,2,5,890.00,0.13,25.01,Shipped,3871.50,1218.00
2503,2024-02-26,127,2,3,3,189.00,0.03,47.93,Shipped,549.99,194.97
2504,2024-05-10,64,4,8,3,545.00,0.03,38.33,Shipped,1585.95,538.35
2505,2024-03-14,29,7,3,7,640.00,0.12,62.01,Shipped,3942.40,1570.80
2506,2024-11-26,98,4,4,1,545.00,0.12,71.60,Shipped,479.60,162.80
2507,2024-05-28,76,5,8,1,410.00,0.05,73.37,Shipped,389.50,142.50
2508,2024-11-02,149,6,1,5,890.00,0.08,70.72,Shipped,4094.00,1288.00
2509,2024-07-10,158,11,7,6,2450.00,0.01,67.92,Shipped,14553.00,4158.00
2510,2024-12-15,115,8,5,3,24.00,0.07,58.33,Shipped,66.96,33.48
2511,2024-11-02,190,6,7,4,890.00,0.05,45.02,Shipped,3382.00,1064.00
2512,2024-06-12,44,3,6,3,430.00,0.00,17.88,Shipped,1290.00,450.00
2513,2024-10-04,22,3,3,1,430.00,0.12,53.81,Delivered,378.40,132.00
2514,2024-03-18,152,5,2,2,410.00,0.06,75.12,Delivered,770.80,282.00
2515,2024-07-29,56,1,3,6,1299.00,0.06,60.53,Shipped,7326.36,2081.16
2516,2024-04-29,112,4,8,3,545.00,0.12,24.58,Pending,1438.80,488.40
2517,2024-05-31,171,3,1,7,430.00,0.07,36.47,Shipped,2799.30,976.50
2518,2024-09-20,7,11,6,2,2450.00,0.04,64.84,Shipped,4704.00,1344.00
2519,2024-10-02,195,1,1,5,1299.00,0.10,74.17,Shipped,5845.50,1660.50
2520,2024-03-21,17,11,2,3,2450.00,0.15,18.89,Delivered,6247.50,1785.00
2521,2024-02-09,96,12,5,2,16.00,0.13,51.30,Delivered,27.84,13.05
2522,2024-10-05,107,9,8,7,18.00,0.05,12.62,Delivered,119.70,59.85
2523,2024-02-26,136,6,5,1,890.00,0.07,84.18,Delivered,827.70,260.40
2524,2024-12-10,1,1,7,3,1299.00,0.10,48.68,Delivered,3507.30,996.30
2525,2024-08-14,164,9,8,4,18.00,0.15,50.02,Delivered,61.20,30.60
2526,2024-07-17,164,7,5,7,640.00,0.13,68.58,Shipped,3897.60,1552.95
2527,2024-08-10,186,3,4,5,430.00,0.12,20.16,Shipped,1892.00,660.00
2528,2024-08-11,38,3,2,4,430.00,0.03,34.31,Shipped,1668.40,582.00
2529,2024-05-25,42,10,5,4,780.00,0.14,20.23,Delivered,2683.20,963.20
2530,2024-09-18,146,12,2,2,16.00,0.08,56.89,Shipped,29.44,13.80
2531,2024-07-27,151,10,5,2,780.00,0.12,49.50,Shipped,1372.80,492.80
2532,2024-10-08,6,1,4,7,1299.00,0.08,13.53,Pending,8365.56,2376.36
2533,2024-03-27,181,1,1,1,1299.00,0.06,26.36,Shipped,1221.06,346.86
2534,2024-06-21,50,9,7,4,18.00,0.16,12.28,Pending,60.48,30.24
2535,2024-06-16,46,5,4,4,410.00,0.10,12.14,Shipped,1476.00,540.00
2536,2024-12-18,42,7,3,1,640.00,0.01,41.06,Pending,633.60,252.45
2537,2024-03-24,118,7,4,4,640.00,0.03,52.57,Delivered,2483.20,989.40
2538,2024-09-13,157,7,4,4,640.00,0.15,41.75,Delivered,2176.00,867.00
2539,2024-09-15,87,11,2,7,2450.00,0.03,45.21,Shipped,16635.50,4753.00
2540,2024-10-09,79,2,1,2,189.00,0.03,60.46,Delivered,366.66,129.98
2541,2024-04-12,58,12,3,2,16.00,0.12,73.99,Delivered,28.16,13.20
2542,2024-04-24,90,3,8,2,430.00,0.10,35.75,Delivered,774.00,270.00
2543,2024-12-24,6,7,8,8,640.00,0.07,59.50,Shipped,4761.60,1897.20
2544,2024-11-18,186,6,3,1,890.00,0.11,80.21,Shipped,792.10,249.20
2545,2024-11-30,69,4,2,3,545.00,0.08,44.46,Shipped,1504.20,510.60
2546,2024-08-23,129,12,2,6,16.00,0.17,42.59,Delivered,79.68,37.35
2547,2024-11-25,64,9,5,6,18.00,0.12,25.01,Pending,95.04,47.52
2548,2024-03-18,180,7,7,6,640.00,0.13,72.00,Shipped,3340.80,1331.10
2549,2024-03-28,157,6,2,3,890.00,0.06,26.90,Pending,2509.80,789.60
2550,2024-10-30,145,3,6,6,430.00,0.04,31.92,Shipped,2476.80,864.00
2551,2024-11-21,3,8,5,3,24.00,0.10,56.37,Shipped,64.80,32.40
2552,2024-11-17,122,3,7,7,430.00,0.11,84.78,Shipped,2678.90,934.50
2553,2024-08-12,147,10,7,8,780.00,0.00,12.28,Delivered,6240.00,2240.00
2554,2024-08-22,79,11,8,5,2450.00,0.10,62.05,Delivered,11025.00,3150.00
2555,2024-05-25,104,5,2,4,410.00,0.14,70.54,Delivered,1410.40,516.00
2556,2024-02-27,106,8,4,5,24.00,0.15,49.89,Pending,102.00,51.00
2557,2024-04-15,103,12,2,7,16.00,0.05,54.65,Shipped,106.40,49.88
2558,2024-05-28,81,1,3,7,1299.00,0.16,35.85,Shipped,7638.12,2169.72
2559,2024-01-17,42,7,3,8,640.00,0.01,41.22,Shipped,5068.80,2019.60
2560,2024-02-01,5,9,3,5,18.00,0.10,30.44,Shipped,81.00,40.50
2561,2024-04-23,1,9,4,1,18.00,0.06,34.27,Delivered,16.92,8.46
2562,2024-10-09,61,10,8,5,780.00,0.15,66.28,Shipped,3315.00,1190.00
2563,2024-06-26,107,4,1,3,545.00,0.17,44.64,Shipped,1357.05,460.65
2564,2024-01-07,13,1,4,1,1299.00,0.12,64.57,Delivered,1143.12,324.72
2565,2024-07-25,27,10,6,4,780.00,0.00,82.68,Shipped,3120.00,1120.00
2566,2024-05-29,25,9,5,4,18.00,0.15,83.45,Pending,61.20,30.60
2567,2024-05-30,111,8,1,8,24.00,0.16,78.60,Pending,161.28,80.64
2568,2024-09-28,121,3,7,1,430.00,0.01,58.06,Shipped,425.70,148.50
2569,2024-07-09,177,2,1,4,189.00,0.05,33.58,Delivered,718.20,254.60
2570,2024-05-09,34,10,1,7,780.00,0.09,60.56,Cancelled,4968.60,1783.60
2571,2024-10-13,103,6,3,5,890.00,0.17,39.58,Delivered,3693.50,1162.00
2572,2024-03-05,30,6,6,7,890.00,0.16,22.00,Delivered,5233.20,1646.40
2573,2024-04-01,48,3,2,1,430.00,0.06,27.73,Pending,404.20,141.00
2574,2024-12-03,76,8,1,5,24.00,0.09,47.07,Shipped,109.20,54.60
2575,2024-10-04,74,11,6,6,2450.00,0.11,55.86,Shipped,13083.00,3738.00
2576,2024-02-19,60,9,4,6,18.00,0.00,72.62,Cancelled,108.00,54.00
2577,2024-05-27,86,12,6,4,16.00,0.02,63.21,Delivered,62.72,29.40
2578,2024-11-01,15,1,4,7,1299.00,0.02,25.49,Shipped,8911.14,2531.34
2579,2024-02-04,184,8,4,3,24.00,0.11,45.82,Shipped,64.08,32.04
2580,2024-05-18,138,11,4,6,2450.00,0.10,64.00,Shipped,13230.00,3780.00
2581,2024-06-15,44,3,5,3,430.00,0.12,37.28,Delivered,1135.20,396.00
2582,2024-06-09,26,7,2,6,640.00,0.09,56.89,Shipped,3494.40,1392.30
2583,2024-01-29,87,1,1,6,1299.00,0.06,18.77,Shipped,7326.36,2081.16
2584,2024-06-06,69,8,4,6,24.00,0.11,38.03,Shipped,128.16,64.08
2585,2024-08-12,136,12,5,2,16.00,0.15,73.62,Shipped,27.20,12.75
2586,2024-10-24,77,12,8,4,16.00,0.05,73.86,Pending,60.80,28.50
2587,2024-01-19,86,4,8,1,545.00,0.04,21.11,Shipped,523.20,177.60
2588,2024-02-12,18,12,4,4,16.00,0.15,50.05,Pending,54.40,25.50
2589,2024-04-03,110,1,8,3,1299.00,0.15,52.65,Shipped,3312.45,940.95
2590,2024-03-30,123,9,8,4,18.00,0.00,72.39,Shipped,72.00,36.00
2591,2024-06-10,176,2,6,3,189.00,0.02,62.48,Shipped,555.66,196.98
2592,2024-12-04,55,6,4,8,890.00,0.15,69.25,Shipped,6052.00,1904.00
2593,2024-09-19,145,2,6,7,189.00,0.12,25.72,Shipped,1164.24,412.72
2594,2024-07-14,128,2,8,8,189.00,0.13,80.15,Shipped,1315.44,466.32
2595,2024-07-22,151,2,5,4,189.00,0.04,40.91,Shipped,725.76,257.28
2596,2024-10-21,66,7,7,5,640.00,0.17,36.93,Pending,2656.00,1058.25
2597,2024-10-21,150,1,1,2,1299.00,0.01,55.48,Shipped,2572.02,730.62
2598,2024-04-26,148,1,4,6,1299.00,0.03,63.41,Shipped,7560.18,2147.58
2599,2024-07-28,170,9,5,5,18.00,0.03,33.52,Shipped,87.30,43.65
2600,2024-09-20,199,9,5,8,18.00,0.10,43.98,Shipped,129.60,64.80
2601,2024-07-08,199,8,6,6,24.00,0.14,21.23,Shipped,123.84,61.92
2602,2024-02-26,152,1,3,3,1299.00,0.01,66.40,Shipped,3858.03,1095.93
2603,2024-10-02,156,11,2,3,2450.00,0.05,51.45,Pending,6982.50,1995.00
2604,2024-08-19,21,8,1,6,24.00,0.14,50.63,Delivered,123.84,61.92
2605,2024-05-14,85,2,5,4,189.00,0.08,67.52,Shipped,695.52,246.56
2606,2024-07-19,134,2,2,3,189.00,0.13,58.59,Shipped,493.29,174.87
2607,2024-09-14,88,7,2,2,640.00,0.10,56.51,Cancelled,1152.00,459.00
2608,2024-10-02,21,5,6,1,410.00,0.16,13.65,Delivered,344.40,126.00
2609,2024-12-02,185,10,3,2,780.00,0.08,54.13,Shipped,1435.20,515.20
2610,2024-03-16,144,7,7,4,640.00,0.04,69.62,Shipped,2457.60,979.20
2611,2024-12-02,81,12,1,8,16.00,0.17,12.87,Delivered,106.24,49.80
2612,2024-06-12,50,3,7,1,430.00,0.13,20.87,Shipped,374.10,130.50
2613,2024-10-26,21,1,4,3,1299.00,0.15,83.89,Shipped,3312.45,940.95
2614,2024-11-26,81,6,2,4,890.00,0.13,15.09,Shipped,3097.20,974.40
2615,2024-09-28,84,9,2,2,18.00,0.01,35.93,Delivered,35.64,17.82
2616,2024-06-02,55,12,8,4,16.00,0.07,78.12,Delivered,59.52,27.90
2617,2024-09-28,128,4,7,7,545.00,0.03,44.11,Shipped,3700.55,1256.15
2618,2024-06-27,131,12,7,4,16.00,0.04,29.67,Pending,61.44,28.80
2619,2024-12-26,2,11,6,6,2450.00,0.18,83.29,Delivered,12054.00,3444.00
2620,2024-08-08,24,6,5,8,890.00,0.12,18.27,Shipped,6265.60,1971.20
2621,2024-07-16,97,4,8,3,545.00,0.06,69.66,Shipped,1536.90,521.70
2622,2024-07-13,75,4,7,1,545.00,0.12,73.20,Delivered,479.60,162.80
2623,2024-08-29,125,3,8,1,430.00,0.15,51.76,Shipped,365.50,127.50
2624,2024-11-28,97,7,1,6,640.00,0.16,33.53,Shipped,3225.60,1285.20
2625,2024-07-12,66,5,2,7,410.00,0.01,77.21,Pending,2841.30,1039.50
2626,2024-12-22,119,6,4,6,890.00,0.10,71.72,Delivered,4806.00,1512.00
2627,2024-07-28,68,1,6,2,1299.00,0.01,60.86,Shipped,2572.02,730.62
2628,2024-03-10,126,4,1,5,545.00,0.03,42.64,Shipped,2643.25,897.25
2629,2024-09-17,27,5,5,5,410.00,0.08,50.61,Shipped,1886.00,690.00
2630,2024-10-30,82,4,1,7,545.00,0.10,15.28,Shipped,3433.50,1165.50
2631,2024-05-13,178,11,1,3,2450.00,0.03,51.17,Delivered,7129.50,2037.00
2632,2024-11-10,131,8,5,6,24.00,0.14,37.59,Delivered,123.84,61.92
2633,2024-05-01,197,6,8,3,890.00,0.15,21.00,Shipped,2269.50,714.00
2634,2024-04-10,6,11,7,2,2450.00,0.14,67.30,Delivered,4214.00,1204.00
2635,2024-05-18,199,12,1,4,16.00,0.05,27.20,Shipped,60.80,28.50
2636,2024-09-24,17,9,8,4,18.00,0.10,44.35,Delivered,64.80,32.40
2637,2024-09-19,57,12,4,4,16.00,0.07,67.55,Shipped,59.52,27.90
2638,2024-05-08,25,4,1,1,545.00,0.11,20.23,Cancelled,485.05,164.65
2639,2024-04-08,132,11,7,1,2450.00,0.03,21.32,Shipped,2376.50,679.00
2640,2024-05-15,43,1,5,2,1299.00,0.12,24.44,Delivered,2286.24,649.44
2641,2024-02-13,157,1,6,8,1299.00,0.08,12.53,Delivered,9560.64,2715.84
2642,2024-02-03,6,1,8,5,1299.00,0.02,27.70,Shipped,6365.10,1808.10
2643,2024-05-02,142,11,2,1,2450.00,0.11,64.16,Shipped,2180.50,623.00
2644,2024-11-20,37,3,5,8,430.00,0.01,65.30,Shipped,3405.60,1188.00
2645,2024-03-18,191,7,5,7,640.00,0.04,24.95,Shipped,4300.80,1713.60
2646,2024-09-10,77,3,3,5,430.00,0.00,72.76,Pending,2150.00,750.00
2647,2024-12-10,55,3,7,2,430.00,0.02,72.48,Shipped,842.80,294.00
2648,2024-04-08,79,7,7,2,640.00,0.12,27.70,Shipped,1126.40,448.80
2649,2024-03-17,140,7,8,3,640.00,0.01,79.89,Delivered,1900.80,757.35
2650,2024-01-17,153,6,4,7,890.00,0.16,42.23,Shipped,5233.20,1646.40
2651,2024-10-19,93,4,7,1,545.00,0.00,45.93,Pending,545.00,185.00
2652,2024-01-16,16,2,8,4,189.00,0.02,81.74,Shipped,740.88,262.64
2653,2024-01-07,7,8,4,8,24.00,0.02,66.94,Shipped,188.16,94.08
2654,2024-08-19,44,3,2,2,430.00,0.04,71.35,Shipped,825.60,288.00
2655,2024-09-17,121,2,7,8,189.00,0.03,20.76,Delivered,1466.64,519.92
2656,2024-05-09,81,12,5,7,16.00,0.14,84.91,Shipped,96.32,45.15
2657,2024-03-26,141,2,8,1,189.00,0.08,34.37,Shipped,173.88,61.64
2658,2024-03-15,58,5,5,3,410.00,0.03,22.53,Pending,1193.10,436.50
2659,2024-01-08,37,6,3,4,890.00,0.16,31.70,Shipped,2990.40,940.80
2660,2024-12-06,187,1,5,5,1299.00,0.13,44.56,Delivered,5650.65,1605.15
2661,2024-04-02,97,10,1,4,780.00,0.12,42.71,Pending,2745.60,985.60
2662,2024-06-10,25,4,3,8,545.00,0.07,59.56,Pending,4054.80,1376.40
2663,2024-06-02,185,9,1,3,18.00,0.05,37.18,Pending,51.30,25.65
2664,2024-10-26,139,6,2,7,890.00,0.01,19.72,Shipped,6167.70,1940.40
2665,2024-02-26,82,9,2,3,18.00,0.14,51.46,Shipped,46.44,23.22
2666,2024-12-25,74,12,7,5,16.00,0.09,43.24,Delivered,72.80,34.12
2667,2024-09-20,173,7,3,4,640.00,0.08,84.94,Delivered,2355.20,938.40
2668,2024-09-13,135,5,5,8,410.00,0.05,49.32,Shipped,3116.00,1140.00
2669,2024-12-02,143,2,2,1,189.00,0.09,57.24,Shipped,171.99,60.97
2670,2024-02-13,112,5,1,1,410.00,0.07,65.80,Delivered,381.30,139.50
2671,2024-04-13,101,10,3,4,780.00,0.14,83.51,Shipped,2683.20,963.20
2672,2024-05-17,131,7,5,8,640.00,0.17,14.85,Shipped,4249.60,1693.20
2673,2024-04-24,147,9,7,6,18.00,0.05,25.69,Delivered,102.60,51.30
2674,2024-01-05,44,2,3,4,189.00,0.13,47.89,Delivered,657.72,233.16
2675,2024-03-16,4,6,6,1,890.00,0.16,67.58,Shipped,747.60,235.20
2676,2024-01-11,5,9,7,4,18.00,0.14,66.30,Cancelled,61.92,30.96
2677,2024-08-20,62,10,2,1,780.00,0.00,50.04,Delivered,780.00,280.00
2678,2024-10-17,24,2,5,2,189.00,0.07,12.19,Shipped,351.54,124.62
2679,2024-02-17,99,10,3,4,780.00,0.02,48.10,Delivered,3057.60,1097.60
2680,2024-10-24,173,9,8,1,18.00,0.07,51.55,Delivered,16.74,8.37
2681,2024-06-02,140,2,7,8,189.00,0.18,40.36,Shipped,1239.84,439.52
2682,2024-01-12,153,10,5,4,780.00,0.04,20.67,Shipped,2995.20,1075.20
2683,2024-05-05,115,2,2,2,189.00,0.06,60.34,Shipped,355.32,125.96
2684,2024-07-08,178,5,6,3,410.00,0.14,82.29,Shipped,1057.80,387.00
2685,2024-01-10,49,11,5,1,2450.00,0.01,26.85,Delivered,2425.50,693.00
2686,2024-05-22,106,7,1,8,640.00,0.06,80.87,Pending,4812.80,1917.60
2687,2024-05-08,73,10,5,7,780.00,0.08,22.82,Shipped,5023.20,1803.20
2688,2024-01-30,141,3,5,1,430.00,0.15,63.56,Shipped,365.50,127.50
2689,2024-02-16,177,9,3,3,18.00,0.12,49.47,Shipped,47.52,23.76
2690,2024-05-27,1,3,7,3,430.00,0.01,37.31,Delivered,1277.10,445.50
2691,2024-09-11,68,12,6,3,16.00,0.08,69.65,Shipped,44.16,20.70
2692,2024-04-08,106,5,3,4,410.00,0.06,45.17,Shipped,1541.60,564.00
2693,2024-02-14,41,10,2,3,780.00,0.10,36.24,Shipped,2106.00,756.00
2694,2024-12-17,108,2,3,6,189.00,0.06,13.31,Pending,1065.96,377.88
2695,2024-07-22,30,1,1,8,1299.00,0.11,27.99,Shipped,9248.88,2627.28
2696,2024-07-28,7,1,2,3,1299.00,0.10,50.13,Shipped,3507.30,996.30
2697,2024-01-16,23,12,3,4,16.00,0.18,21.28,Delivered,52.48,24.60
2698,2024-11-17,110,2,6,2,189.00,0.02,59.81,Shipped,370.44,131.32
2699,2024-09-29,184,6,1,8,890.00,0.13,43.77,Shipped,6194.40,1948.80
2700,2024-05-12,80,7,1,5,640.00,0.12,77.25,Cancelled,2816.00,1122.00
2701,2024-08-02,57,11,5,7,2450.00,0.15,13.84,Pending,14577.50,4165.00
2702,2024-06-19,61,1,6,8,1299.00,0.13,70.29,Cancelled,9041.04,2568.24
2703,2024-06-07,126,3,5,4,430.00,0.06,82.16,Shipped,1616.80,564.00
2704,2024-07-28,137,3,3,6,430.00,0.14,66.71,Shipped,2218.80,774.00
2705,2024-08-22,172,3,7,8,430.00,0.18,49.19,Delivered,2820.80,984.00
2706,2024-12-26,100,6,7,3,890.00,0.15,32.15,Shipped,2269.50,714.00
2707,2024-11-14,114,7,8,5,640.00,0.14,33.42,Shipped,2752.00,1096.50
2708,2024-02-11,170,3,1,4,430.00,0.07,14.66,Cancelled,1599.60,558.00
2709,2024-02-25,131,5,8,5,410.00,0.18,21.17,Shipped,1681.00,615.00
2710,2024-05-19,54,5,1,5,410.00,0.13,76.15,Delivered,1783.50,652.50
2711,2024-10-07,40,2,3,2,189.00,0.06,58.52,Delivered,355.32,125.96
2712,2024-11-05,189,6,3,6,890.00,0.05,69.35,Shipped,5073.00,1596.00
2713,2024-07-23,169,12,5,5,16.00,0.12,18.42,Shipped,70.40,33.00
2714,2024-12-09,182,10,8,4,780.00,0.10,17.86,Shipped,2808.00,1008.00
2715,2024-05-07,1,11,7,4,2450.00,0.06,36.63,Shipped,9212.00,2632.00
2716,2024-05-27,129,9,3,2,18.00,0.10,32.24,Delivered,32.40,16.20
2717,2024-10-01,6,7,7,5,640.00,0.16,13.33,Delivered,2688.00,1071.00
2718,2024-02-21,12,3,2,3,430.00,0.15,39.09,Shipped,1096.50,382.50
2719,2024-05-22,22,12,3,4,16.00,0.16,20.65,Shipped,53.76,25.20
2720,2024-06-08,157,12,7,1,16.00,0.15,29.50,Shipped,13.60,6.38
2721,2024-12-31,187,11,7,1,2450.00,0.18,26.79,Shipped,2009.00,574.00
2722,2024-12-23,52,2,8,1,189.00,0.01,70.95,Shipped,187.11,66.33
2723,2024-01-07,54,5,8,2,410.00,0.04,66.77,Shipped,787.20,288.00
2724,2024-02-20,151,8,7,1,24.00,0.14,19.66,Pending,20.64,10.32
2725,2024-07-17,40,6,1,5,890.00,0.02,59.31,Delivered,4361.00,1372.00
2726,2024-11-21,120,9,6,6,18.00,0.17,57.89,Shipped,89.64,44.82
2727,2024-08-12,88,4,6,3,545.00,0.13,13.65,Delivered,1422.45,482.85
2728,2024-10-12,136,11,8,1,2450.00,0.08,68.90,Shipped,2254.00,644.00
2729,2024-01-29,184,4,8,2,545.00,0.17,19.72,Shipped,904.70,307.10
2730,2024-12-19,132,2,8,3,189.00,0.02,26.80,Shipped,555.66,196.98
2731,2024-10-28,163,7,5,8,640.00,0.09,20.80,Shipped,4659.20,1856.40
2732,2024-06-22,59,1,8,7,1299.00,0.10,19.74,Delivered,8183.70,2324.70
2733,2024-04-03,74,9,1,6,18.00,0.14,45.98,Cancelled,92.88,46.44
2734,2024-01-17,4,3,5,5,430.00,0.03,68.07,Shipped,2085.50,727.50
2735,2024-07-21,48,3,2,7,430.00,0.11,69.62,Shipped,2678.90,934.50
2736,2024-12-08,196,7,6,8,640.00,0.05,60.65,Shipped,4864.00,1938.00
2737,2024-08-14,175,11,6,2,2450.00,0.08,62.38,Shipped,4508.00,1288.00
2738,2024-07-05,179,12,3,2,16.00,0.06,65.71,Delivered,30.08,14.10
2739,2024-06-01,38,7,2,1,640.00,0.09,12.70,Shipped,582.40,232.05
2740,2024-01-24,167,9,5,3,18.00,0.05,27.47,Delivered,51.30,25.65
2741,2024-02-27,159,9,4,3,18.00,0.05,74.44,Shipped,51.30,25.65
2742,2024-04-22,7,1,5,2,1299.00,0.13,55.85,Delivered,2260.26,642.06
2743,2024-01-08,81,4,1,3,545.00,0.02,78.55,Shipped,1602.30,543.90
2744,2024-07-05,196,12,7,5,16.00,0.07,69.98,Shipped,74.40,34.88
2745,2024-11-10,85,4,5,2,545.00,0.02,35.79,Delivered,1068.20,362.60
2746,2024-05-21,128,7,5,3,640.00,0.09,71.88,Shipped,1747.20,696.15
2747,2024-08-05,32,6,8,4,890.00,0.10,35.43,Delivered,3204.00,1008.00
2748,2024-02-26,36,9,2,8,18.00,0.16,36.05,Shipped,120.96,60.48
2749,2024-04-29,152,6,8,2,890.00,0.06,30.95,Shipped,1673.20,526.40
2750,2024-11-23,12,11,8,3,2450.00,0.04,39.98,Shipped,7056.00,2016.00
2751,2024-05-29,112,12,6,5,16.00,0.08,45.77,Shipped,73.60,34.50
2752,2024-07-02,17,8,2,1,24.00,0.08,16.46,Shipped,22.08,11.04
2753,2024-03-03,93,7,5,8,640.00,0.10,58.81,Shipped,4608.00,1836.00
2754,2024-12-06,186,1,4,2,1299.00,0.09,34.40,Shipped,2364.18,671.58
2755,2024-01-09,199,3,8,5,430.00,0.15,73.36,Shipped,1827.50,637.50
2756,2024-06-15,181,8,3,7,24.00,0.01,53.07,Shipped,166.32,83.16
2757,2024-07-20,176,9,7,3,18.00,0.16,25.57,Shipped,45.36,22.68
2758,2024-06-02,12,8,7,7,24.00,0.05,12.75,Pending,159.60,79.80
2759,2024-07-12,175,4,3,8,545.00,0.17,74.76,Delivered,3618.80,1228.40
2760,2024-06-22,54,12,7,8,16.00,0.08,22.10,Pending,117.76,55.20
2761,2024-04-21,136,7,8,1,640.00,0.07,61.04,Shipped,595.20,237.15
2762,2024-05-14,133,9,7,4,18.00,0.03,62.66,Delivered,69.84,34.92
2763,2024-04-30,67,1,6,1,1299.00,0.12,80.88,Pending,1143.12,324.72
2764,2024-03-15,122,4,7,2,545.00,0.17,35.90,Delivered,904.70,307.10
2765,2024-08-07,66,1,6,4,1299.00,0.12,65.86,Shipped,4572.48,1298.88
2766,2024-01-30,189,8,8,8,24.00,0.13,37.13,Shipped,167.04,83.52
2767,2024-02-09,151,12,1,4,16.00,0.15,50.47,Shipped,54.40,25.50
2768,2024-04-02,123,4,7,3,545.00,0.08,27.06,Shipped,1504.20,510.60
2769,2024-03-31,45,11,3,8,2450.00,0.02,67.60,Delivered,19208.00,5488.00
2770,2024-07-08,167,8,7,2,24.00,0.17,19.78,Shipped,39.84,19.92
2771,2024-05-30,41,10,6,2,780.00,0.05,73.11,Shipped,1482.00,532.00
2772,2024-10-10,60,1,6,3,1299.00,0.17,72.99,Cancelled,3234.51,918.81
2773,2024-01-05,54,10,3,3,780.00,0.01,25.15,Shipped,2316.60,831.60
2774,2024-10-18,141,1,2,5,1299.00,0.03,41.02,Shipped,6300.15,1789.65
2775,2024-02-09,16,7,1,2,640.00,0.08,76.50,Delivered,1177.60,469.20
2776,2024-04-20,21,7,4,8,640.00,0.16,14.87,Shipped,4300.80,1713.60
2777,2024-01-06,9,5,4,4,410.00,0.03,72.96,Shipped,1590.80,582.00
2778,2024-05-23,97,10,4,2,780.00,0.16,44.16,Shipped,1310.40,470.40
2779,2024-08-15,111,4,1,4,545.00,0.17,14.37,Shipped,1809.40,614.20
2780,2024-06-15,67,1,3,6,1299.00,0.11,56.73,Cancelled,6936.66,1970.46
2781,2024-06-15,28,12,4,4,16.00,0.02,63.15,Cancelled,62.72,29.40
2782,2024-09-09,47,9,2,3,18.00,0.16,20.60,Shipped,45.36,22.68
2783,2024-06-27,167,1,5,7,1299.00,0.01,72.62,Delivered,9002.07,2557.17
2784,2024-08-19,102,11,6,3,2450.00,0.08,24.13,Pending,6762.00,1932.00
2785,2024-07-01,53,10,8,5,780.00,0.11,57.74,Shipped,3471.00,1246.00
2786,2024-08-19,186,1,7,5,1299.00,0.15,42.56,Shipped,5520.75,1568.25
2787,2024-07-05,193,7,1,3,640.00,0.01,12.75,Delivered,1900.80,757.35
2788,2024-02-22,145,3,1,3,430.00,0.03,17.68,Shipped,1251.30,436.50
2789,2024-06-02,61,10,1,5,780.00,0.05,53.79,Shipped,3705.00,1330.00
2790,2024-04-25,45,3,6,4,430.00,0.04,24.65,Cancelled,1651.20,576.00
2791,2024-05-05,92,2,1,3,189.00,0.15,78.13,Delivered,481.95,170.85
2792,2024-06-25,16,2,4,6,189.00,0.05,70.12,Pending,1077.30,381.90
2793,2024-01-18,58,7,5,4,640.00,0.11,67.12,Shipped,2278.40,907.80
2794,2024-03-24,76,4,7,3,545.00,0.11,21.66,Delivered,1455.15,493.95
2795,2024-01-14,89,10,4,2,780.00,0.02,82.51,Shipped,1528.80,548.80
2796,2024-05-18,24,3,1,8,430.00,0.14,66.85,Shipped,2958.40,1032.00
2797,2024-11-09,154,10,3,1,780.00,0.02,29.72,Shipped,764.40,274.40
2798,2024-04-11,20,8,8,5,24.00,0.11,32.28,Shipped,106.80,53.40
2799,2024-01-08,99,3,5,2,430.00,0.10,77.82,Shipped,774.00,270.00
2800,2024-02-20,151,3,3,7,430.00,0.08,63.32,Shipped,2769.20,966.00
2801,2024-07-09,60,12,7,3,16.00,0.17,74.41,Shipped,39.84,18.68
2802,2024-06-12,39,11,7,5,2450.00,0.07,77.50,Shipped,11392.50,3255.00
2803,2024-01-14,159,7,2,8,640.00,0.15,28.69,Shipped,4352.00,1734.00
2804,2024-10-30,41,11,5,6,2450.00,0.16,31.75,Shipped,12348.00,3528.00
2805,2024-12-27,28,2,6,4,189.00,0.15,37.89,Shipped,642.60,227.80
2806,2024-05-18,54,12,3,2,16.00,0.10,19.67,Shipped,28.80,13.50
2807,2024-01-26,133,8,8,8,24.00,0.11,31.05,Pending,170.88,85.44
2808,2024-03-05,96,12,5,3,16.00,0.03,18.82,Shipped,46.56,21.82
2809,2024-12-28,66,11,6,2,2450.00,0.11,65.72,Cancelled,4361.00,1246.00
2810,2024-06-03,198,9,8,8,18.00,0.01,47.97,Shipped,142.56,71.28
2811,2024-10-21,51,4,4,3,545.00,0.11,83.99,Shipped,1455.15,493.95
2812,2024-02-18,92,10,1,3,780.00,0.06,64.30,Pending,2199.60,789.60
2813,2024-08-09,71,1,6,6,1299.00,0.13,50.72,Delivered,6780.78,1926.18
2814,2024-10-04,44,6,7,8,890.00,0.02,69.56,Shipped,6977.60,2195.20
2815,2024-09-17,69,7,8,3,640.00,0.12,68.86,Shipped,1689.60,673.20
2816,2024-04-20,200,11,6,6,2450.00,0.01,54.75,Shipped,14553.00,4158.00
2817,2024-03-22,45,3,6,1,430.00,0.14,50.93,Shipped,369.80,129.00
2818,2024-12-05,163,7,3,5,640.00,0.08,52.33,Shipped,2944.00,1173.00
2819,2024-05-08,47,11,1,2,2450.00,0.15,24.38,Shipped,4165.00,1190.00
2820,2024-05-20,23,5,3,1,410.00,0.14,56.20,Pending,352.60,129.00
2821,2024-07-20,44,12,8,1,16.00,0.02,41.09,Shipped,15.68,7.35
2822,2024-06-24,14,10,6,7,780.00,0.03,16.87,Delivered,5296.20,1901.20
2823,2024-11-27,11,1,4,2,1299.00,0.01,67.50,Shipped,2572.02,730.62
2824,2024-05-05,95,4,3,3,545.00,0.03,73.05,Shipped,1585.95,538.35
2825,2024-10-30,57,7,1,1,640.00,0.08,13.55,Shipped,588.80,234.60
2826,2024-08-24,125,11,1,6,2450.00,0.07,41.22,Delivered,13671.00,3906.00
2827,2024-08-02,15,8,7,3,24.00,0.07,27.94,Shipped,66.96,33.48
2828,2024-06-30,3,1,6,4,1299.00,0.08,26.59,Shipped,4780.32,1357.92
2829,2024-08-15,109,11,3,4,2450.00,0.12,27.01,Delivered,8624.00,2464.00
2830,2024-04-11,106,2,1,5,189.00,0.05,18.80,Shipped,897.75,318.25
2831,2024-03-11,52,12,2,7,16.00,0.06,77.69,Shipped,105.28,49.35
2832,2024-04-10,118,3,8,8,430.00,0.12,40.35,Shipped,3027.20,1056.00
2833,2024-08-03,193,1,7,4,1299.00,0.14,56.12,Shipped,4468.56,1269.36
2834,2024-01-24,72,7,2,8,640.00,0.06,36.83,Shipped,4812.80,1917.60
2835,2024-08-13,6,2,8,4,189.00,0.03,62.91,Shipped,733.32,259.96
2836,2024-03-27,74,9,4,8,18.00,0.06,68.32,Shipped,135.36,67.68
2837,2024-09-11,44,4,5,6,545.00,0.08,36.47,Shipped,3008.40,1021.20
2838,2024-07-18,147,5,8,1,410.00,0.03,75.81,Delivered,397.70,145.50
2839,2024-07-08,191,4,7,3,545.00,0.08,53.45,Shipped,1504.20,510.60
2840,2024-08-27,45,4,7,5,545.00,0.01,12.88,Cancelled,2697.75,915.75
2841,2024-10-31,87,4,6,6,545.00,0.09,80.88,Shipped,2975.70,1010.10
2842,2024-07-19,186,5,4,6,410.00,0.14,56.05,Delivered,2115.60,774.00
2843,2024-01-17,149,4,8,2,545.00,0.05,43.20,Shipped,1035.50,351.50
2844,2024-11-27,163,7,2,5,640.00,0.04,48.88,Delivered,3072.00,1224.00
2845,2024-05-14,71,4,8,1,545.00,0.07,39.39,Shipped,506.85,172.05
2846,2024-08-19,167,6,7,5,890.00,0.16,73.98,Shipped,3738.00,1176.00
2847,2024-07-17,194,4,7,2,545.00,0.07,33.68,Pending,1013.70,344.10
2848,2024-09-22,96,9,1,1,18.00,0.03,46.70,Pending,17.46,8.73
2849,2024-10-22,29,1,5,6,1299.00,0.01,45.17,Delivered,7716.06,2191.86
2850,2024-10-14,99,1,5,4,1299.00,0.07,66.96,Shipped,4832.28,1372.68
2851,2024-06-21,10,4,4,8,545.00,0.05,43.01,Shipped,4142.00,1406.00
2852,2024-04-18,7,7,8,8,640.00,0.12,13.62,Shipped,4505.60,1795.20
2853,2024-12-24,31,9,3,3,18.00,0.13,42.71,Delivered,46.98,23.49
2854,2024-08-31,148,11,5,2,2450.00,0.11,68.29,Shipped,4361.00,1246.00
2855,2024-11-27,130,7,6,4,640.00,0.09,36.05,Shipped,2329.60,928.20
2856,2024-01-24,100,8,4,7,24.00,0.04,61.62,Shipped,161.28,80.64
2857,2024-09-20,178,10,8,7,780.00,0.00,73.60,Delivered,5460.00,1960.00
2858,2024-11-22,83,1,5,3,1299.00,0.03,20.61,Shipped,3780.09,1073.79
2859,2024-05-14,166,9,7,2,18.00,0.10,41.31,Delivered,32.40,16.20
2860,2024-01-16,105,7,4,3,640.00,0.15,67.67,Shipped,1632.00,650.25
2861,2024-03-24,148,11,1,8,2450.00,0.03,71.10,Shipped,19012.00,5432.00
2862,2024-09-17,158,2,3,8,189.00,0.02,23.24,Delivered,1481.76,525.28
2863,2024-04-14,198,4,8,2,545.00,0.08,78.75,Shipped,1002.80,340.40
2864,2024-08-04,79,10,5,3,780.00,0.07,33.31,Shipped,2176.20,781.20
2865,2024-12-22,152,9,4,2,18.00,0.12,29.33,Shipped,31.68,15.84
2866,2024-12-17,164,10,1,2,780.00,0.05,68.58,Pending,1482.00,532.00
2867,2024-08-02,116,1,7,3,1299.00,0.01,36.82,Shipped,3858.03,1095.93
2868,2024-04-07,1,6,5,3,890.00,0.17,31.82,Shipped,2216.10,697.20
2869,2024-09-19,191,5,4,1,410.00,0.13,69.15,Pending,356.70,130.50
2870,2024-02-08,120,12,2,7,16.00,0.08,74.78,Shipped,103.04,48.30
2871,2024-11-20,97,11,5,4,2450.00,0.12,37.09,Pending,8624.00,2464.00
2872,2024-10-23,194,1,2,7,1299.00,0.12,30.44,Delivered,8001.84,2273.04
2873,2024-12-02,37,11,2,6,2450.00,0.00,80.58,Delivered,14700.00,4200.00
2874,2024-02-28,122,1,3,7,1299.00,0.11,15.10,Delivered,8092.77,2298.87
2875,2024-04-14,8,9,1,2,18.00,0.08,41.35,Shipped,33.12,16.56
2876,2024-11-03,107,9,3,5,18.00,0.15,73.50,Shipped,76.50,38.25
2877,2024-01-16,170,1,8,3,1299.00,0.09,60.16,Cancelled,3546.27,1007.37
2878,2024-10-16,48,11,8,5,2450.00,0.02,42.58,Shipped,12005.00,3430.00
2879,2024-10-30,176,2,7,2,189.00,0.03,46.47,Shipped,366.66,129.98
2880,2024-01-08,143,1,3,1,1299.00,0.04,20.76,Shipped,1247.04,354.24
2881,2024-03-30,108,4,5,5,545.00,0.05,35.80,Shipped,2588.75,878.75
2882,2024-11-18,167,3,5,6,430.00,0.18,61.67,Delivered,2115.60,738.00
2883,2024-01-04,21,3,1,5,430.00,0.15,79.92,Shipped,1827.50,637.50
2884,2024-03-24,169,6,4,7,890.00,0.11,54.75,Delivered,5544.70,1744.40
2885,2024-03-20,58,8,6,4,24.00,0.00,52.25,Shipped,96.00,48.00
2886,2024-08-19,104,12,1,4,16.00,0.11,59.38,Shipped,56.96,26.70
2887,2024-03-08,194,5,4,7,410.00,0.06,73.65,Delivered,2697.80,987.00
2888,2024-06-06,11,6,6,4,890.00,0.13,43.02,Shipped,3097.20,974.40
2889,2024-02-10,180,9,8,6,18.00,0.14,32.32,Shipped,92.88,46.44
2890,2024-05-04,103,12,5,3,16.00,0.02,75.82,Shipped,47.04,22.05
2891,2024-09-12,64,9,6,5,18.00,0.17,41.20,Shipped,74.70,37.35
2892,2024-04-11,33,4,7,1,545.00,0.07,70.90,Pending,506.85,172.05
2893,2024-11-15,136,7,5,2,640.00,0.02,54.45,Shipped,1254.40,499.80
2894,2024-09-05,171,3,3,1,430.00,0.17,25.58,Shipped,356.90,124.50
2895,2024-04-04,43,7,3,1,640.00,0.07,41.07,Cancelled,595.20,237.15
2896,2024-10-18,150,7,3,4,640.00,0.16,39.52,Cancelled,2150.40,856.80
2897,2024-11-03,169,3,4,4,430.00,0.06,52.36,Shipped,1616.80,564.00
2898,2024-07-23,143,9,8,8,18.00,0.08,25.67,Delivered,132.48,66.24
2899,2024-08-10,4,5,2,4,410.00,0.05,24.60,Shipped,1558.00,570.00
2900,2024-05-08,156,4,2,6,545.00,0.04,50.54,Shipped,3139.20,1065.60
2901,2024-11-02,22,3,3,7,430.00,0.00,12.32,Shipped,3010.00,1050.00
2902,2024-06-01,13,11,8,7,2450.00,0.03,57.04,Delivered,16635.50,4753.00
2903,2024-02-04,79,12,4,1,16.00,0.16,65.37,Shipped,13.44,6.30
2904,2024-04-21,77,2,1,4,189.00,0.09,53.97,Shipped,687.96,243.88
2905,2024-11-21,140,8,3,1,24.00,0.11,51.43,Pending,21.36,10.68
2906,2024-12-09,99,5,3,3,410.00,0.05,12.83,Pending,1168.50,427.50
2907,2024-12-29,167,3,1,3,430.00,0.04,72.71,Shipped,1238.40,432.00
2908,2024-09-05,110,7,2,5,640.00,0.10,57.29,Shipped,2880.00,1147.50
2909,2024-10-18,199,9,1,6,18.00,0.07,21.61,Shipped,100.44,50.22
2910,2024-08-30,169,6,4,1,890.00,0.08,41.82,Shipped,818.80,257.60
2911,2024-09-26,111,10,6,8,780.00,0.03,67.81,Delivered,6052.80,2172.80
2912,2024-11-24,198,5,1,5,410.00,0.04,80.57,Shipped,1968.00,720.00
2913,2024-03-02,182,3,6,4,430.00,0.17,59.94,Shipped,1427.60,498.00
2914,2024-11-12,81,7,2,1,640.00,0.01,47.78,Shipped,633.60,252.45
2915,2024-03-27,19,8,6,1,24.00,0.04,18.29,Shipped,23.04,11.52
2916,2024-12-05,46,1,3,6,1299.00,0.15,66.33,Shipped,6624.90,1881.90
2917,2024-02-06,152,4,8,4,545.00,0.04,14.94,Shipped,2092.80,710.40
2918,2024-04-04,76,5,5,8,410.00,0.05,56.45,Delivered,3116.00,1140.00
2919,2024-09-09,111,1,8,7,1299.00,0.16,68.54,Shipped,7638.12,2169.72
2920,2024-02-03,2,12,8,7,16.00,0.06,68.75,Pending,105.28,49.35
2921,2024-08-29,162,1,6,2,1299.00,0.09,29.44,Pending,2364.18,671.58
2922,2024-10-02,152,6,2,5,890.00,0.06,26.06,Shipped,4183.00,1316.00
2923,2024-11-05,19,9,6,1,18.00,0.06,51.76,Shipped,16.92,8.46
2924,2024-02-18,83,8,5,5,24.00,0.13,57.20,Pending,104.40,52.20
2925,2024-05-07,155,11,2,7,2450.00,0.01,47.91,Shipped,16978.50,4851.00
2926,2024-01-26,73,1,4,1,1299.00,0.13,35.28,Shipped,1130.13,321.03
2927,2024-10-03,71,1,4,3,1299.00,0.03,70.71,Shipped,3780.09,1073.79
2928,2024-04-17,151,7,7,3,640.00,0.14,65.90,Shipped,1651.20,657.90
2929,2024-09-20,96,9,7,5,18.00,0.11,62.62,Shipped,80.10,40.05
2930,2024-08-15,137,9,1,3,18.00,0.07,23.49,Pending,50.22,25.11
2931,2024-02-16,98,5,7,4,410.00,0.16,64.73,Shipped,1377.60,504.00
2932,2024-08-01,34,4,1,4,545.00,0.11,46.19,Shipped,1940.20,658.60
2933,2024-01-11,129,9,1,7,18.00,0.09,48.91,Cancelled,114.66,57.33
2934,2024-10-12,124,1,3,1,1299.00,0.18,64.24,Shipped,1065.18,302.58
2935,2024-11-10,24,9,5,4,18.00,0.01,26.58,Delivered,71.28,35.64
2936,2024-03-15,100,7,2,2,640.00,0.06,32.12,Shipped,1203.20,479.40
2937,2024-01-25,88,3,7,4,430.00,0.03,20.71,Shipped,1668.40,582.00
2938,2024-07-25,9,5,8,3,410.00,0.03,34.89,Pending,1193.10,436.50
2939,2024-08-28,174,1,8,8,1299.00,0.17,38.53,Shipped,8625.36,2450.16
2940,2024-09-02,186,12,1,3,16.00,0.17,77.36,Shipped,39.84,18.68
2941,2024-02-02,75,7,2,6,640.00,0.13,54.09,Shipped,3340.80,1331.10
2942,2024-09-05,100,7,3,7,640.00,0.03,35.85,Delivered,4345.60,1731.45
2943,2024-07-11,1,6,4,1,890.00,0.02,40.06,Delivered,872.20,274.40
2944,2024-06-03,5,3,6,8,430.00,0.15,78.23,Shipped,2924.00,1020.00
2945,2024-07-17,133,7,1,6,640.00,0.17,15.78,Shipped,3187.20,1269.90
2946,2024-07-21,102,4,7,1,545.00,0.07,21.44,Shipped,506.85,172.05
2947,2024-11-24,23,11,7,5,2450.00,0.15,57.54,Shipped,10412.50,2975.00
2948,2024-01-06,56,10,1,2,780.00,0.18,16.29,Delivered,1279.20,459.20
2949,2024-11-23,8,3,6,3,430.00,0.00,31.15,Shipped,1290.00,450.00
2950,2024-04-12,197,8,6,8,24.00,0.13,38.77,Delivered,167.04,83.52
2951,2024-10-21,167,3,7,1,430.00,0.01,64.31,Shipped,425.70,148.50
2952,2024-03-09,119,6,8,5,890.00,0.12,30.82,Shipped,3916.00,1232.00
2953,2024-11-18,152,3,1,6,430.00,0.05,52.65,Pending,2451.00,855.00
2954,2024-12-21,74,6,4,2,890.00,0.02,13.19,Shipped,1744.40,548.80
2955,2024-10-07,153,7,6,6,640.00,0.10,32.69,Delivered,3456.00,1377.00
2956,2024-05-24,196,6,7,7,890.00,0.03,24.25,Delivered,6043.10,1901.20
2957,2024-07-08,39,2,8,8,189.00,0.01,63.06,Shipped,1496.88,530.64
2958,2024-04-30,105,2,7,3,189.00,0.06,42.88,Shipped,532.98,188.94
2959,2024-05-31,115,11,3,7,2450.00,0.16,41.65,Shipped,14406.00,4116.00
2960,2024-06-29,17,6,6,1,890.00,0.01,81.71,Pending,881.10,277.20
2961,2024-02-04,113,4,2,7,545.00,0.09,18.85,Shipped,3471.65,1178.45
2962,2024-06-26,135,8,1,6,24.00,0.02,30.66,Shipped,141.12,70.56
2963,2024-05-05,152,6,5,8,890.00,0.10,16.13,Shipped,6408.00,2016.00
2964,2024-05-15,188,12,6,4,16.00,0.02,71.25,Pending,62.72,29.40
2965,2024-08-27,150,1,6,8,1299.00,0.02,80.15,Shipped,10184.16,2892.96
2966,2024-11-25,135,11,7,7,2450.00,0.17,80.38,Delivered,14234.50,4067.00
2967,2024-07-26,149,4,7,6,545.00,0.07,20.98,Shipped,3041.10,1032.30
2968,2024-06-14,183,10,8,5,780.00,0.11,52.85,Shipped,3471.00,1246.00
2969,2024-01-04,96,11,8,1,2450.00,0.14,82.85,Cancelled,2107.00,602.00
2970,2024-12-21,123,8,2,5,24.00,0.04,12.44,Pending,115.20,57.60
2971,2024-10-15,48,3,1,6,430.00,0.08,29.66,Shipped,2373.60,828.00
2972,2024-03-14,177,12,8,4,16.00,0.14,21.73,Shipped,55.04,25.80
2973,2024-07-26,75,5,1,3,410.00,0.16,79.27,Shipped,1033.20,378.00
2974,2024-03-24,102,8,7,3,24.00,0.05,44.07,Delivered,68.40,34.20
2975,2024-11-14,182,3,4,6,430.00,0.12,15.41,Shipped,2270.40,792.00
2976,2024-04-03,6,10,2,5,780.00,0.12,12.01,Shipped,3432.00,1232.00
2977,2024-04-06,59,3,5,5,430.00,0.02,82.19,Shipped,2107.00,735.00
2978,2024-02-06,155,10,3,1,780.00,0.14,47.28,Delivered,670.80,240.80
2979,2024-02-13,85,5,6,3,410.00,0.16,16.20,Delivered,1033.20,378.00
2980,2024-06-14,112,10,2,4,780.00,0.10,28.14,Shipped,2808.00,1008.00
2981,2024-07-20,73,4,4,3,545.00,0.03,67.36,Cancelled,1585.95,538.35
2982,2024-03-18,33,8,8,8,24.00,0.08,26.87,Shipped,176.64,88.32
2983,2024-09-16,180,1,7,7,1299.00,0.17,65.30,Shipped,7547.19,2143.89
2984,2024-08-14,1,4,6,1,545.00,0.04,70.22,Shipped,523.20,177.60
2985,2024-06-09,44,10,5,3,780.00,0.11,18.19,Delivered,2082.60,747.60
2986,2024-11-23,122,12,5,1,16.00,0.02,48.21,Shipped,15.68,7.35
2987,2024-11-27,112,8,6,3,24.00,0.08,42.68,Shipped,66.24,33.12
2988,2024-01-02,111,3,1,1,430.00,0.04,41.55,Delivered,412.80,144.00
2989,2024-12-05,92,11,7,5,2450.00,0.17,65.21,Shipped,10167.50,2905.00
2990,2024-08-17,69,6,8,4,890.00,0.02,79.55,Cancelled,3488.80,1097.60
2991,2024-12-23,198,10,8,5,780.00,0.15,55.67,Shipped,3315.00,1190.00
2992,2024-11-02,181,9,7,1,18.00,0.11,57.28,Shipped,16.02,8.01
2993,2024-06-09,4,5,4,3,410.00,0.15,68.58,Shipped,1045.50,382.50
2994,2024-04-20,33,3,4,5,430.00,0.16,19.40,Shipped,1806.00,630.00
2995,2024-10-07,150,12,2,2,16.00,0.06,33.05,Delivered,30.08,14.10
2996,2024-04-26,65,1,1,2,1299.00,0.03,44.88,Delivered,2520.06,715.86
2997,2024-03-24,36,4,5,8,545.00,0.05,72.35,Delivered,4142.00,1406.00
2998,2024-03-23,88,7,8,8,640.00,0.01,49.48,Shipped,5068.80,2019.60
2999,2024-03-13,33,4,8,8,545.00,0.01,59.98,Cancelled,4316.40,1465.20
3000,2024-05-28,18,7,1,7,640.00,0.13,84.08,Shipped,3897.60,1552.95
3001,2024-05-10,148,11,6,7,2450.00,0.06,66.57,Shipped,16121.00,4606.00
3002,2024-10-01,70,7,1,6,640.00,0.09,62.13,Pending,3494.40,1392.30
3003,2024-10-17,199,7,4,4,640.00,0.17,74.51,Delivered,2124.80,846.60
3004,2024-08-15,40,4,7,2,545.00,0.01,51.64,Shipped,1079.10,366.30
3005,2024-03-13,107,2,7,7,189.00,0.02,19.22,Shipped,1296.54,459.62
3006,2024-06-12,188,8,7,5,24.00,0.06,60.58,Shipped,112.80,56.40
3007,2024-07-23,83,6,6,8,890.00,0.06,84.36,Shipped,6692.80,2105.60
3008,2024-08-28,111,5,1,1,410.00,0.01,50.24,Shipped,405.90,148.50
3009,2024-07-31,136,3,5,1,430.00,0.06,42.27,Shipped,404.20,141.00
3010,2024-06-15,28,3,3,5,430.00,0.16,30.98,Delivered,1806.00,630.00
3011,2024-10-28,157,8,5,1,24.00,0.03,73.91,Shipped,23.28,11.64
3012,2024-09-27,105,9,7,1,18.00,0.09,29.04,Shipped,16.38,8.19
3013,2024-08-28,11,12,2,8,16.00,0.00,29.90,Shipped,128.00,60.00
3014,2024-11-14,77,5,3,4,410.00,0.09,42.02,Shipped,1492.40,546.00
3015,2024-12-21,86,12,1,4,16.00,0.01,56.44,Delivered,63.36,29.70
3016,2024-02-05,55,5,1,7,410.00,0.11,72.13,Shipped,2554.30,934.50
3017,2024-09-05,148,8,3,5,24.00,0.06,23.16,Shipped,112.80,56.40
3018,2024-04-17,93,7,5,1,640.00,0.05,78.75,Shipped,608.00,242.25
3019,2024-06-30,193,7,8,5,640.00,0.18,83.08,Shipped,2624.00,1045.50
3020,2024-06-13,128,11,4,5,2450.00,0.12,76.84,Shipped,10780.00,3080.00
3021,2024-11-17,195,9,1,3,18.00,0.12,43.55,Shipped,47.52,23.76
3022,2024-11-11,65,5,3,1,410.00,0.14,82.77,Shipped,352.60,129.00
3023,2024-09-28,154,3,6,5,430.00,0.11,75.58,Shipped,1913.50,667.50
3024,2024-06-08,40,1,4,2,1299.00,0.10,44.12,Shipped,2338.20,664.20
3025,2024-05-26,137,7,8,6,640.00,0.11,81.76,Shipped,3417.60,1361.70
3026,2024-06-07,18,9,7,5,18.00,0.18,62.13,Delivered,73.80,36.90
3027,2024-04-13,1,9,3,6,18.00,0.14,49.96,Shipped,92.88,46.44
3028,2024-09-20,71,2,7,3,189.00,0.04,67.95,Shipped,544.32,192.96
3029,2024-08-07,8,12,6,7,16.00,0.13,67.24,Shipped,97.44,45.67
3030,2024-08-03,124,5,4,2,410.00,0.15,44.37,Pending,697.00,255.00
3031,2024-07-15,104,3,4,2,430.00,0.07,83.67,Shipped,799.80,279.00
3032,2024-02-16,120,9,3,5,18.00,0.14,76.70,Delivered,77.40,38.70
3033,2024-06-23,145,5,7,1,410.00,0.17,79.73,Shipped,340.30,124.50
3034,2024-08-23,186,3,4,8,430.00,0.02,57.60,Delivered,3371.20,1176.00
3035,2024-01-14,39,3,4,8,430.00,0.12,53.84,Shipped,3027.20,1056.00
3036,2024-08-07,81,5,8,1,410.00,0.12,52.31,Delivered,360.80,132.00
3037,2024-08-16,149,6,5,2,890.00,0.11,44.50,Shipped,1584.20,498.40
3038,2024-06-09,52,10,2,1,780.00,0.15,66.67,Shipped,663.00,238.00
3039,2024-02-03,91,10,2,6,780.00,0.09,16.24,Shipped,4258.80,1528.80
3040,2024-07-08,131,10,7,3,780.00,0.07,52.14,Shipped,2176.20,781.20
3041,2024-10-08,132,8,7,4,24.00,0.09,74.87,Cancelled,87.36,43.68
3042,2024-12-16,123,7,2,3,640.00,0.04,41.14,Shipped,1843.20,734.40
3043,2024-02-28,162,11,1,6,2450.00,0.13,51.94,Delivered,12789.00,3654.00
3044,2024-02-21,40,10,7,2,780.00,0.09,21.77,Delivered,1419.60,509.60
3045,2024-11-28,126,1,7,7,1299.00,0.13,74.04,Shipped,7910.91,2247.21
3046,2024-03-01,13,8,3,4,24.00,0.09,22.71,Shipped,87.36,43.68
3047,2024-07-17,142,10,4,4,780.00,0.05,63.57,Pending,2964.00,1064.00
3048,2024-08-11,170,5,8,1,410.00,0.04,35.08,Shipped,393.60,144.00
3049,2024-06-16,118,9,7,4,18.00,0.18,25.94,Shipped,59.04,29.52
3050,2024-08-16,4,8,8,4,24.00,0.13,67.91,Delivered,83.52,41.76
3051,2024-12-02,56,2,6,6,189.00,0.06,15.12,Delivered,1065.96,377.88
3052,2024-06-11,113,11,1,6,2450.00,0.02,18.83,Shipped,14406.00,4116.00
3053,2024-11-04,173,12,4,5,16.00,0.13,32.45,Shipped,69.60,32.62
3054,2024-07-07,131,9,4,2,18.00,0.17,34.73,Shipped,29.88,14.94
3055,2024-09-04,14,11,2,3,2450.00,0.17,83.38,Delivered,6100.50,1743.00
3056,2024-01-26,51,7,8,2,640.00,0.06,66.75,Delivered,1203.20,479.40
3057,2024-09-30,155,2,1,8,189.00,0.16,44.87,Shipped,1270.08,450.24
3058,2024-01-28,37,4,5,5,545.00,0.06,49.40,Shipped,2561.50,869.50
3059,2024-08-30,148,5,1,4,410.00,0.15,42.90,Delivered,1394.00,510.00
3060,2024-06-01,6,2,7,4,189.00,0.17,56.76,Shipped,627.48,222.44
3061,2024-09-12,130,11,4,2,2450.00,0.06,80.98,Shipped,4606.00,1316.00
3062,2024-12-27,42,10,3,8,780.00,0.04,49.16,Cancelled,5990.40,2150.40
3063,2024-04-16,182,1,3,2,1299.00,0.06,38.89,Delivered,2442.12,693.72
3064,2024-06-04,165,3,4,4,430.00,0.03,18.60,Delivered,1668.40,582.00
3065,2024-07-09,18,9,6,5,18.00,0.10,54.56,Delivered,81.00,40.50
3066,2024-01-13,120,4,5,5,545.00,0.14,73.80,Delivered,2343.50,795.50
3067,2024-07-18,46,12,2,6,16.00,0.13,53.78,Shipped,83.52,39.15
3068,2024-11-28,22,11,8,5,2450.00,0.13,79.40,Pending,10657.50,3045.00
3069,2024-08-05,17,8,1,6,24.00,0.00,23.79,Shipped,144.00,72.00
3070,2024-09-19,171,2,7,2,189.00,0.12,80.82,Delivered,332.64,117.92
3071,2024-02-20,59,5,5,8,410.00,0.07,76.92,Delivered,3050.40,1116.00
3072,2024-05-10,144,4,8,8,545.00,0.05,65.72,Shipped,4142.00,1406.00
3073,2024-03-05,138,7,5,4,640.00,0.17,68.26,Shipped,2124.80,846.60
3074,2024-03-18,109,11,6,1,2450.00,0.10,59.14,Shipped,2205.00,630.00
3075,2024-04-05,30,9,4,7,18.00,0.07,45.56,Shipped,117.18,58.59
3076,2024-07-12,107,7,7,2,640.00,0.00,84.81,Delivered,1280.00,510.00
3077,2024-05-03,72,3,1,3,430.00,0.14,73.19,Shipped,1109.40,387.00
3078,2024-12-23,57,5,1,2,410.00,0.16,27.24,Shipped,688.80,252.00
3079,2024-08-04,142,4,7,8,545.00,0.06,66.05,Shipped,4098.40,1391.20
3080,2024-08-19,158,2,6,3,189.00,0.11,32.15,Shipped,504.63,178.89
3081,2024-05-20,76,1,3,4,1299.00,0.04,74.66,Shipped,4988.16,1416.96
3082,2024-06-04,102,6,7,5,890.00,0.03,71.06,Delivered,4316.50,1358.00
3083,2024-02-26,141,7,4,8,640.00,0.14,39.71,Shipped,4403.20,1754.40
3084,2024-10-26,193,6,7,6,890.00,0.06,67.33,Pending,5019.60,1579.20
3085,2024-09-05,176,8,7,5,24.00,0.15,33.80,Shipped,102.00,51.00
3086,2024-04-20,141,6,1,3,890.00,0.13,36.42,Shipped,2322.90,730.80
3087,2024-04-16,70,5,5,7,410.00,0.09,25.18,Delivered,2611.70,955.50
3088,2024-04-27,147,1,5,8,1299.00,0.14,81.84,Shipped,8937.12,2538.72
3089,2024-07-03,71,7,2,6,640.00,0.12,33.35,Delivered,3379.20,1346.40
3090,2024-03-17,92,2,2,5,189.00,0.13,54.95,Shipped,822.15,291.45
3091,2024-08-26,151,6,4,2,890.00,0.02,62.24,Shipped,1744.40,548.80
3092,2024-10-25,83,5,4,8,410.00,0.09,43.79,Shipped,2984.80,1092.00
3093,2024-04-09,14,12,6,1,16.00,0.01,64.79,Shipped,15.84,7.42
3094,2024-05-04,22,5,4,2,410.00,0.06,80.50,Shipped,770.80,282.00
3095,2024-08-09,124,9,7,3,18.00,0.11,81.01,Shipped,48.06,24.03
3096,2024-10-07,20,9,8,2,18.00,0.01,61.01,Pending,35.64,17.82
3097,2024-06-12,109,5,3,6,410.00,0.14,73.24,Shipped,2115.60,774.00
3098,2024-10-07,167,1,3,7,1299.00,0.15,59.93,Shipped,7729.05,2195.55
3099,2024-02-06,96,5,3,4,410.00,0.00,14.43,Shipped,1640.00,600.00
3100,2024-01-28,48,9,7,6,18.00,0.18,62.47,Shipped,88.56,44.28
3101,2024-12-22,5,11,6,3,2450.00,0.03,66.09,Shipped,7129.50,2037.00
3102,2024-03-19,7,7,7,8,640.00,0.01,35.00,Shipped,5068.80,2019.60
3103,2024-10-28,145,3,1,2,430.00,0.18,41.33,Delivered,705.20,246.00
3104,2024-04-15,190,9,3,3,18.00,0.02,21.97,Shipped,52.92,26.46
3105,2024-06-12,60,10,3,3,780.00,0.12,15.44,Shipped,2059.20,739.20
3106,2024-12-01,8,2,1,2,189.00,0.02,27.16,Shipped,370.44,131.32
3107,2024-04-17,58,10,2,4,780.00,0.04,24.72,Shipped,2995.20,1075.20
3108,2024-07-12,30,4,3,4,545.00,0.13,30.55,Delivered,1896.60,643.80
3109,2024-07-29,174,5,6,3,410.00,0.04,25.55,Shipped,1180.80,432.00
3110,2024-06-01,157,8,7,1,24.00,0.03,54.61,Shipped,23.28,11.64
3111,2024-04-08,69,3,1,6,430.00,0.04,66.78,Pending,2476.80,864.00
3112,2024-08-30,161,4,5,6,545.00,0.03,46.45,Shipped,3171.90,1076.70
3113,2024-07-26,199,2,6,3,189.00,0.18,83.67,Shipped,464.94,164.82
3114,2024-06-19,145,2,5,8,189.00,0.14,40.48,Shipped,1300.32,460.96
3115,2024-05-06,164,9,1,7,18.00,0.07,19.68,Shipped,117.18,58.59
3116,2024-07-08,57,4,7,6,545.00,0.03,76.11,Delivered,3171.90,1076.70
3117,2024-05-18,196,7,7,6,640.00,0.12,36.68,Shipped,3379.20,1346.40
3118,2024-12-23,177,12,7,3,16.00,0.14,76.29,Shipped,41.28,19.35
3119,2024-06-22,192,4,3,5,545.00,0.04,78.49,Delivered,2616.00,888.00
3120,2024-07-17,127,10,3,5,780.00,0.02,46.66,Shipped,3822.00,1372.00
3121,2024-08-22,166,12,7,4,16.00,0.13,51.93,Shipped,55.68,26.10
3122,2024-05-18,55,11,5,7,2450.00,0.10,48.52,Shipped,15435.00,4410.00
3123,2024-12-08,148,1,7,2,1299.00,0.07,51.30,Shipped,2416.14,686.34
3124,2024-08-28,152,11,4,2,2450.00,0.07,37.88,Shipped,4557.00,1302.00
3125,2024-09-13,22,2,7,4,189.00,0.13,18.45,Shipped,657.72,233.16
3126,2024-09-11,54,8,3,7,24.00,0.01,62.45,Delivered,166.32,83.16
3127,2024-01-03,25,5,7,8,410.00,0.17,77.98,Shipped,2722.40,996.00
3128,2024-03-12,99,12,5,4,16.00,0.02,83.48,Cancelled,62.72,29.40
3129,2024-07-22,51,10,5,8,780.00,0.07,35.60,Shipped,5803.20,2083.20
3130,2024-03-14,192,10,3,7,780.00,0.15,33.65,Delivered,4641.00,1666.00
3131,2024-04-15,49,10,2,8,780.00,0.02,79.94,Delivered,6115.20,2195.20
3132,2024-10-28,162,5,1,4,410.00,0.07,53.80,Shipped,1525.20,558.00
3133,2024-12-06,21,11,2,3,2450.00,0.12,63.28,Shipped,6468.00,1848.00
3134,2024-05-29,146,8,2,7,24.00,0.08,61.07,Shipped,154.56,77.28
3135,2024-10-08,58,4,6,4,545.00,0.11,14.40,Cancelled,1940.20,658.60
3136,2024-02-25,44,6,1,2,890.00,0.07,64.44,Shipped,1655.40,520.80
3137,2024-05-19,188,10,1,2,780.00,0.04,28.91,Cancelled,1497.60,537.60
3138,2024-04-20,122,11,7,8,2450.00,0.12,26.97,Pending,17248.00,4928.00
3139,2024-09-30,26,5,1,5,410.00,0.02,16.53,Shipped,2009.00,735.00
3140,2024-08-10,127,10,4,1,780.00,0.01,30.33,Shipped,772.20,277.20
3141,2024-02-23,103,1,5,2,1299.00,0.14,15.47,Shipped,2234.28,634.68
3142,2024-03-23,10,3,7,7,430.00,0.17,41.51,Shipped,2498.30,871.50
3143,2024-01-17,192,2,1,4,189.00,0.05,20.91,Delivered,718.20,254.60
3144,2024-04-12,67,9,6,5,18.00,0.10,76.84,Cancelled,81.00,40.50
3145,2024-04-17,82,4,2,7,545.00,0.01,46.90,Cancelled,3776.85,1282.05
3146,2024-02-19,125,10,2,4,780.00,0.17,39.90,Shipped,2589.60,929.60
3147,2024-09-03,26,12,2,8,16.00,0.02,76.01,Delivered,125.44,58.80
3148,2024-02-20,150,11,5,1,2450.00,0.18,34.15,Shipped,2009.00,574.00
3149,2024-01-03,42,9,2,5,18.00,0.02,21.67,Shipped,88.20,44.10
3150,2024-11-19,77,6,3,8,890.00,0.17,17.48,Delivered,5909.60,1859.20
3151,2024-04-19,112,8,6,8,24.00,0.07,74.79,Shipped,178.56,89.28
3152,2024-02-06,62,9,2,1,18.00,0.17,48.45,Pending,14.94,7.47
3153,2024-02-26,169,7,2,5,640.00,0.03,58.82,Shipped,3104.00,1236.75
3154,2024-05-25,13,2,4,2,189.00,0.17,27.90,Shipped,313.74,111.22
3155,2024-11-01,170,7,3,7,640.00,0.01,51.99,Delivered,4435.20,1767.15
3156,2024-06-21,43,6,3,8,890.00,0.13,77.22,Shipped,6194.40,1948.80
3157,2024-11-20,94,5,8,2,410.00,0.17,46.06,Shipped,680.60,249.00
3158,2024-12-26,158,5,6,7,410.00,0.07,32.61,Shipped,2669.10,976.50
3159,2024-11-02,57,1,1,6,1299.00,0.02,84.30,Delivered,7638.12,2169.72
3160,2024-06-23,111,8,6,7,24.00,0.04,38.58,Shipped,161.28,80.64
3161,2024-03-15,48,8,2,8,24.00,0.03,41.51,Delivered,186.24,93.12
3162,2024-07-04,104,6,1,5,890.00,0.07,12.58,Shipped,4138.50,1302.00
3163,2024-01-22,22,5,5,2,410.00,0.15,12.37,Delivered,697.00,255.00
3164,2024-09-17,166,7,3,5,640.00,0.01,63.13,Shipped,3168.00,1262.25
3165,2024-02-22,2,1,7,7,1299.00,0.10,16.31,Shipped,8183.70,2324.70
3166,2024-02-21,125,3,3,1,430.00,0.08,24.30,Shipped,395.60,138.00
3167,2024-02-26,32,6,3,3,890.00,0.04,52.31,Shipped,2563.20,806.40
3168,2024-10-11,40,5,1,5,410.00,0.08,75.24,Shipped,1886.00,690.00
3169,2024-07-02,156,10,5,1,780.00,0.00,18.74,Delivered,780.00,280.00
3170,2024-10-10,69,8,2,4,24.00,0.07,69.07,Delivered,89.28,44.64
3171,2024-05-06,89,11,1,6,2450.00,0.03,82.60,Delivered,14259.00,4074.00
3172,2024-03-15,43,11,3,1,2450.00,0.14,43.88,Shipped,2107.00,602.00
3173,2024-12-24,171,6,8,1,890.00,0.11,45.90,Shipped,792.10,249.20
3174,2024-03-06,139,1,2,1,1299.00,0.16,19.47,Shipped,1091.16,309.96
3175,2024-12-30,85,4,5,2,545.00,0.11,75.63,Shipped,970.10,329.30
3176,2024-09-18,195,2,5,5,189.00,0.08,41.93,Shipped,869.40,308.20
3177,2024-11-17,33,9,1,3,18.00,0.02,49.23,Shipped,52.92,26.46
3178,2024-11-08,58,1,7,4,1299.00,0.14,48.33,Delivered,4468.56,1269.36
3179,2024-11-24,182,1,4,8,1299.00,0.10,68.44,Pending,9352.80,2656.80
3180,2024-02-19,57,11,8,5,2450.00,0.17,77.98,Delivered,10167.50,2905.00
3181,2024-07-25,153,10,1,6,780.00,0.15,52.34,Cancelled,3978.00,1428.00
3182,2024-09-09,96,10,5,1,780.00,0.10,32.31,Shipped,702.00,252.00
3183,2024-01-01,108,10,7,1,780.00,0.12,38.23,Shipped,686.40,246.40
3184,2024-11-07,140,7,1,7,640.00,0.01,15.54,Shipped,4435.20,1767.15
3185,2024-08-23,62,4,8,5,545.00,0.07,77.24,Shipped,2534.25,860.25
3186,2024-06-11,37,8,7,2,24.00,0.17,42.53,Shipped,39.84,19.92
3187,2024-06-02,151,9,1,3,18.00,0.06,58.36,Shipped,50.76,25.38
3188,2024-04-09,123,12,7,3,16.00,0.12,73.97,Shipped,42.24,19.80
3189,2024-06-03,118,8,3,6,24.00,0.14,71.25,Shipped,123.84,61.92
3190,2024-12-11,48,4,3,5,545.00,0.03,34.01,Shipped,2643.25,897.25
3191,2024-01-17,71,2,8,3,189.00,0.06,64.57,Shipped,532.98,188.94
3192,2024-07-22,154,2,6,6,189.00,0.06,32.57,Cancelled,1065.96,377.88
3193,2024-01-15,99,3,8,7,430.00,0.00,32.26,Shipped,3010.00,1050.00
3194,2024-02-01,62,4,4,3,545.00,0.11,36.67,Shipped,1455.15,493.95
3195,2024-07-02,47,4,2,6,545.00,0.12,79.28,Shipped,2877.60,976.80
3196,2024-07-17,58,1,5,1,1299.00,0.16,22.21,Shipped,1091.16,309.96
3197,2024-04-04,177,10,2,8,780.00,0.03,47.43,Cancelled,6052.80,2172.80
3198,2024-11-03,36,3,1,5,430.00,0.02,45.87,Delivered,2107.00,735.00
3199,2024-03-31,31,6,4,3,890.00,0.16,39.92,Shipped,2242.80,705.60
3200,2024-01-03,102,4,3,6,545.00,0.14,82.90,Shipped,2812.20,954.60
3201,2024-04-28,151,3,1,5,430.00,0.10,80.45,Shipped,1935.00,675.00
3202,2024-04-04,39,1,7,2,1299.00,0.12,15.56,Shipped,2286.24,649.44
3203,2024-11-25,63,4,6,4,545.00,0.09,47.57,Pending,1983.80,673.40
3204,2024-01-02,15,11,1,3,2450.00,0.13,59.31,Shipped,6394.50,1827.00
3205,2024-07-11,38,3,6,7,430.00,0.13,61.42,Delivered,2618.70,913.50
3206,2024-02-02,132,12,6,6,16.00,0.17,34.56,Delivered,79.68,37.35
3207,2024-10-23,160,3,4,1,430.00,0.05,68.91,Delivered,408.50,142.50
3208,2024-04-21,35,12,4,2,16.00,0.17,59.51,Shipped,26.56,12.45
3209,2024-09-30,197,2,5,6,189.00,0.07,44.20,Shipped,1054.62,373.86
3210,2024-05-05,114,1,2,5,1299.00,0.17,37.75,Pending,5390.85,1531.35
3211,2024-12-24,27,2,8,8,189.00,0.08,42.71,Shipped,1391.04,493.12
3212,2024-01-30,89,3,8,7,430.00,0.01,13.93,Shipped,2979.90,1039.50
3213,2024-10-10,23,12,6,8,16.00,0.10,41.69,Shipped,115.20,54.00
3214,2024-11-15,16,3,3,4,430.00,0.01,20.31,Shipped,1702.80,594.00
3215,2024-10-07,175,8,1,7,24.00,0.11,46.88,Shipped,149.52,74.76
3216,2024-06-20,63,3,3,4,430.00,0.12,20.99,Shipped,1513.60,528.00
3217,2024-03-20,19,3,7,5,430.00,0.12,38.84,Shipped,1892.00,660.00
3218,2024-09-11,22,2,5,3,189.00,0.11,26.06,Shipped,504.63,178.89
3219,2024-05-05,117,6,4,3,890.00,0.16,63.32,Shipped,2242.80,705.60
3220,2024-03-14,67,7,6,7,640.00,0.07,27.23,Cancelled,4166.40,1660.05
3221,2024-10-01,183,5,2,8,410.00,0.12,26.72,Pending,2886.40,1056.00
3222,2024-07-30,88,10,2,6,780.00,0.16,79.11,Shipped,3931.20,1411.20
3223,2024-02-18,26,5,1,7,410.00,0.14,23.95,Shipped,2468.20,903.00
3224,2024-05-29,48,7,8,4,640.00,0.16,38.92,Delivered,2150.40,856.80
3225,2024-09-06,47,5,6,6,410.00,0.04,70.97,Shipped,2361.60,864.00
3226,2024-07-06,173,7,6,7,640.00,0.11,83.35,Shipped,3987.20,1588.65
3227,2024-08-13,131,5,7,3,410.00,0.03,71.43,Shipped,1193.10,436.50
3228,2024-12-28,95,2,1,5,189.00,0.07,22.08,Shipped,878.85,311.55
3229,2024-07-30,149,3,7,6,430.00,0.07,79.80,Delivered,2399.40,837.00
3230,2024-03-14,173,1,7,3,1299.00,0.14,75.93,Delivered,3351.42,952.02
3231,2024-04-01,153,4,6,1,545.00,0.11,54.65,Shipped,485.05,164.65
3232,2024-12-16,69,3,2,3,430.00,0.10,33.98,Delivered,1161.00,405.00
3233,2024-12-02,96,1,3,3,1299.00,0.14,33.37,Shipped,3351.42,952.02
3234,2024-10-08,177,12,1,5,16.00,0.16,82.99,Delivered,67.20,31.50
3235,2024-08-25,36,6,2,5,890.00,0.13,15.79,Shipped,3871.50,1218.00
3236,2024-04-27,167,10,3,2,780.00,0.05,52.55,Delivered,1482.00,532.00
3237,2024-03-14,199,4,4,8,545.00,0.12,76.30,Pending,3836.80,1302.40
3238,2024-10-17,179,12,5,6,16.00,0.01,79.34,Shipped,95.04,44.55
3239,2024-08-15,4,7,4,7,640.00,0.11,60.98,Delivered,3987.20,1588.65
3240,2024-09-23,110,4,1,2,545.00,0.01,22.10,Delivered,1079.10,366.30
3241,2024-03-18,7,1,5,5,1299.00,0.02,71.65,Delivered,6365.10,1808.10
3242,2024-10-05,53,4,4,7,545.00,0.15,61.33,Shipped,3242.75,1100.75
3243,2024-09-17,43,12,7,8,16.00,0.13,58.58,Pending,111.36,52.20
3244,2024-07-14,3,6,5,5,890.00,0.16,76.00,Shipped,3738.00,1176.00
3245,2024-01-13,144,6,7,5,890.00,0.10,72.88,Shipped,4005.00,1260.00
3246,2024-04-06,38,5,6,2,410.00,0.16,79.93,Shipped,688.80,252.00
3247,2024-11-30,1,2,2,6,189.00,0.05,20.01,Shipped,1077.30,381.90
3248,2024-09-28,184,12,1,1,16.00,0.04,50.25,Shipped,15.36,7.20
3249,2024-11-23,194,12,1,5,16.00,0.05,16.97,Shipped,76.00,35.62
3250,2024-05-19,62,2,6,7,189.00,0.07,49.15,Shipped,1230.39,436.17
3251,2024-04-19,85,4,2,5,545.00,0.09,27.86,Shipped,2479.75,841.75
3252,2024-06-12,91,9,1,4,18.00,0.01,58.66,Shipped,71.28,35.64
3253,2024-07-25,133,6,7,5,890.00,0.08,47.56,Delivered,4094.00,1288.00
3254,2024-10-08,68,1,2,1,1299.00,0.03,45.77,Delivered,1260.03,357.93
3255,2024-02-22,104,10,4,8,780.00,0.13,43.82,Shipped,5428.80,1948.80
3256,2024-09-21,100,7,7,2,640.00,0.02,53.70,Delivered,1254.40,499.80
3257,2024-07-16,113,6,4,4,890.00,0.03,16.79,Delivered,3453.20,1086.40
3258,2024-06-13,8,6,4,6,890.00,0.03,38.03,Shipped,5179.80,1629.60
3259,2024-10-28,90,7,6,8,640.00,0.13,51.82,Shipped,4454.40,1774.80
3260,2024-05-02,64,10,3,5,780.00,0.03,41.21,Shipped,3783.00,1358.00
3261,2024-08-27,199,12,8,6,16.00,0.10,16.86,Shipped,86.40,40.50
3262,2024-05-17,109,7,8,4,640.00,0.00,75.87,Shipped,2560.00,1020.00
3263,2024-03-18,132,6,4,3,890.00,0.16,45.73,Shipped,2242.80,705.60
3264,2024-07-15,111,10,4,5,780.00,0.06,58.57,Delivered,3666.00,1316.00
3265,2024-12-29,16,3,6,3,430.00,0.16,39.06,Shipped,1083.60,378.00
3266,2024-02-24,62,1,8,4,1299.00,0.17,12.56,Delivered,4312.68,1225.08
3267,2024-08-29,33,12,1,8,16.00,0.14,28.33,Delivered,110.08,51.60
3268,2024-03-26,124,8,8,8,24.00,0.17,81.36,Shipped,159.36,79.68
3269,2024-09-13,75,3,6,3,430.00,0.12,47.09,Shipped,1135.20,396.00
3270,2024-07-18,51,1,1,1,1299.00,0.08,18.05,Shipped,1195.08,339.48
3271,2024-03-13,184,5,3,4,410.00,0.05,33.19,Shipped,1558.00,570.00
3272,2024-12-13,14,6,8,8,890.00,0.18,18.86,Pending,5838.40,1836.80
3273,2024-12-30,110,2,8,2,189.00,0.07,63.81,Shipped,351.54,124.62
3274,2024-07-23,104,8,7,5,24.00,0.01,56.49,Pending,118.80,59.40
3275,2024-09-25,61,4,5,5,545.00,0.00,56.89,Shipped,2725.00,925.00
3276,2024-03-23,73,3,7,6,430.00,0.04,45.50,Shipped,2476.80,864.00
3277,2024-12-21,47,3,2,2,430.00,0.14,29.80,Pending,739.60,258.00
3278,2024-01-07,118,1,6,5,1299.00,0.09,29.76,Shipped,5910.45,1678.95
3279,2024-02-28,86,8,2,2,24.00,0.16,36.00,Delivered,40.32,20.16
3280,2024-02-19,12,2,7,3,189.00,0.08,14.24,Shipped,521.64,184.92
3281,2024-07-24,90,9,4,5,18.00,0.15,78.41,Shipped,76.50,38.25
3282,2024-10-11,53,4,6,5,545.00,0.09,64.10,Shipped,2479.75,841.75
3283,2024-02-15,154,3,2,5,430.00,0.10,46.46,Shipped,1935.00,675.00
3284,2024-05-09,99,4,7,7,545.00,0.15,61.55,Shipped,3242.75,1100.75
3285,2024-03-20,6,4,2,8,545.00,0.12,71.66,Shipped,3836.80,1302.40
3286,2024-07-05,38,9,3,5,18.00,0.07,36.31,Delivered,83.70,41.85
3287,2024-10-30,43,12,8,3,16.00,0.05,14.88,Shipped,45.60,21.38
3288,2024-12-11,169,3,1,7,430.00,0.12,18.30,Pending,2648.80,924.00
3289,2024-07-12,5,6,2,1,890.00,0.10,36.67,Shipped,801.00,252.00
3290,2024-03-14,127,2,7,4,189.00,0.13,76.17,Pending,657.72,233.16
3291,2024-04-11,61,6,7,4,890.00,0.07,64.03,Delivered,3310.80,1041.60
3292,2024-04-12,4,2,1,1,189.00,0.13,55.02,Shipped,164.43,58.29
3293,2024-10-31,151,4,2,8,545.00,0.09,65.08,Delivered,3967.60,1346.80
3294,2024-06-07,137,1,3,4,1299.00,0.06,81.48,Shipped,4884.24,1387.44
3295,2024-10-05,154,3,1,4,430.00,0.01,31.16,Shipped,1702.80,594.00
3296,2024-08-15,107,7,2,4,640.00,0.14,40.76,Shipped,2201.60,877.20
3297,2024-11-25,7,9,2,3,18.00,0.18,61.23,Shipped,44.28,22.14
3298,2024-02-04,90,10,5,8,780.00,0.16,83.64,Delivered,5241.60,1881.60
3299,2024-01-02,89,12,4,2,16.00,0.18,75.01,Shipped,26.24,12.30
3300,2024-06-27,175,9,4,4,18.00,0.00,56.74,Shipped,72.00,36.00
3301,2024-04-13,155,8,5,3,24.00,0.02,54.67,Shipped,70.56,35.28
3302,2024-06-06,36,11,7,4,2450.00,0.09,41.80,Delivered,8918.00,2548.00
3303,2024-11-27,8,12,2,7,16.00,0.15,43.18,Pending,95.20,44.62
3304,2024-02-20,131,8,8,7,24.00,0.16,21.14,Shipped,141.12,70.56
3305,2024-04-20,105,4,7,6,545.00,0.00,65.20,Shipped,3270.00,1110.00
3306,2024-11-23,42,8,7,3,24.00,0.11,25.44,Shipped,64.08,32.04
3307,2024-08-15,132,12,1,4,16.00,0.08,40.99,Delivered,58.88,27.60
3308,2024-06-15,44,3,1,8,430.00,0.05,54.61,Delivered,3268.00,1140.00
3309,2024-10-16,138,2,3,6,189.00,0.06,46.79,Shipped,1065.96,377.88
3310,2024-08-10,83,10,8,7,780.00,0.05,52.08,Shipped,5187.00,1862.00
3311,2024-10-12,95,12,1,6,16.00,0.01,17.29,Delivered,95.04,44.55
3312,2024-05-28,32,8,2,7,24.00,0.06,52.25,Shipped,157.92,78.96
3313,2024-02-05,36,10,6,7,780.00,0.06,18.78,Shipped,5132.40,1842.40
3314,2024-02-11,166,2,5,7,189.00,0.01,75.73,Shipped,1309.77,464.31
3315,2024-01-23,2,12,3,5,16.00,0.05,63.39,Shipped,76.00,35.62
3316,2024-08-16,144,8,6,8,24.00,0.18,57.73,Pending,157.44,78.72
3317,2024-03-13,151,4,1,2,545.00,0.02,76.03,Shipped,1068.20,362.60
3318,2024-01-07,17,11,7,1,2450.00,0.09,24.48,Delivered,2229.50,637.00
3319,2024-01-12,103,11,6,3,2450.00,0.18,23.83,Delivered,6027.00,1722.00
3320,2024-07-27,155,4,2,1,545.00,0.07,76.71,Shipped,506.85,172.05
3321,2024-09-12,164,4,1,3,545.00,0.15,69.34,Delivered,1389.75,471.75
3322,2024-11-29,182,7,3,5,640.00,0.13,53.92,Shipped,2784.00,1109.25
3323,2024-08-28,189,11,5,1,2450.00,0.13,35.84,Delivered,2131.50,609.00
3324,2024-12-19,24,11,5,5,2450.00,0.07,60.42,Shipped,11392.50,3255.00
3325,2024-07-27,174,8,5,1,24.00,0.13,51.62,Shipped,20.88,10.44
3326,2024-04-16,93,11,5,5,2450.00,0.17,27.98,Shipped,10167.50,2905.00
3327,2024-02-03,72,7,7,7,640.00,0.06,75.80,Shipped,4211.20,1677.90
3328,2024-05-17,130,4,5,4,545.00,0.12,79.66,Pending,1918.40,651.20
3329,2024-08-07,162,3,7,8,430.00,0.04,83.44,Delivered,3302.40,1152.00
3330,2024-09-22,81,4,3,1,545.00,0.15,71.23,Shipped,463.25,157.25
3331,2024-09-25,121,1,5,4,1299.00,0.03,76.52,Shipped,5040.12,1431.72
3332,2024-11-08,144,4,5,5,545.00,0.04,83.20,Shipped,2616.00,888.00
3333,2024-11-01,177,6,1,6,890.00,0.00,64.86,Shipped,5340.00,1680.00
3334,2024-01-31,93,12,1,3,16.00,0.10,41.27,Shipped,43.20,20.25
3335,2024-01-05,14,8,4,5,24.00,0.03,83.96,Pending,116.40,58.20
3336,2024-04-10,146,1,8,8,1299.00,0.04,65.90,Delivered,9976.32,2833.92
3337,2024-10-29,81,5,6,1,410.00,0.04,79.55,Shipped,393.60,144.00
3338,2024-03-11,86,9,6,2,18.00,0.06,61.39,Pending,33.84,16.92
3339,2024-11-21,2,5,6,1,410.00,0.12,82.04,Shipped,360.80,132.00
3340,2024-04-17,88,4,2,3,545.00,0.16,55.55,Delivered,1373.40,466.20
3341,2024-12-17,173,11,4,4,2450.00,0.14,57.29,Delivered,8428.00,2408.00
3342,2024-06-18,49,2,2,2,189.00,0.03,59.95,Shipped,366.66,129.98
3343,2024-05-20,43,7,6,3,640.00,0.16,71.65,Shipped,1612.80,642.60
3344,2024-08-10,173,7,3,6,640.00,0.02,15.73,Shipped,3763.20,1499.40
3345,2024-04-24,136,4,6,6,545.00,0.05,81.68,Shipped,3106.50,1054.50
3346,2024-08-08,11,10,2,4,780.00,0.06,17.72,Pending,2932.80,1052.80
3347,2024-06-04,89,6,6,4,890.00,0.12,62.99,Delivered,3132.80,985.60
3348,2024-08-01,35,8,3,2,24.00,0.07,26.59,Shipped,44.64,22.32
3349,2024-07-16,25,3,2,6,430.00,0.15,39.34,Shipped,2193.00,765.00
3350,2024-03-26,195,7,5,2,640.00,0.03,42.97,Shipped,1241.60,494.70
3351,2024-09-26,31,9,8,7,18.00,0.03,55.01,Delivered,122.22,61.11
3352,2024-08-05,147,4,2,7,545.00,0.04,69.68,Shipped,3662.40,1243.20
3353,2024-11-12,154,6,2,7,890.00,0.13,80.69,Shipped,5420.10,1705.20
3354,2024-01-17,183,6,3,3,890.00,0.16,63.38,Shipped,2242.80,705.60
3355,2024-04-26,174,2,3,4,189.00,0.05,28.73,Delivered,718.20,254.60
3356,2024-10-11,136,1,5,6,1299.00,0.15,18.60,Shipped,6624.90,1881.90
3357,2024-03-18,15,3,6,4,430.00,0.07,38.74,Delivered,1599.60,558.00
3358,2024-03-15,142,3,4,2,430.00,0.04,21.67,Shipped,825.60,288.00
3359,2024-07-08,114,7,8,3,640.00,0.11,16.67,Delivered,1708.80,680.85
3360,2024-05-29,152,1,5,5,1299.00,0.03,18.21,Delivered,6300.15,1789.65
3361,2024-04-13,166,5,4,7,410.00,0.16,39.19,Delivered,2410.80,882.00
3362,2024-02-13,10,11,3,8,2450.00,0.09,61.51,Shipped,17836.00,5096.00
3363,2024-01-09,105,3,2,8,430.00,0.11,40.46,Delivered,3061.60,1068.00
3364,2024-06-22,17,8,4,3,24.00,0.09,73.46,Shipped,65.52,32.76
3365,2024-11-10,22,12,1,8,16.00,0.04,57.15,Shipped,122.88,57.60
3366,2024-10-30,141,4,7,2,545.00,0.14,44.31,Pending,937.40,318.20
3367,2024-08-10,200,8,2,1,24.00,0.06,53.24,Pending,22.56,11.28
3368,2024-09-06,1,8,5,6,24.00,0.15,66.06,Delivered,122.40,61.20
3369,2024-02-11,96,4,1,5,545.00,0.05,15.73,Delivered,2588.75,878.75
3370,2024-03-31,2,3,7,4,430.00,0.10,52.51,Shipped,1548.00,540.00
3371,2024-04-19,191,5,6,1,410.00,0.03,35.08,Shipped,397.70,145.50
3372,2024-07-22,13,4,1,5,545.00,0.00,69.00,Delivered,2725.00,925.00
3373,2024-05-19,105,11,8,6,2450.00,0.05,17.02,Delivered,13965.00,3990.00
3374,2024-03-15,62,7,2,1,640.00,0.01,29.78,Shipped,633.60,252.45
3375,2024-03-08,115,3,2,1,430.00,0.16,34.89,Shipped,361.20,126.00
3376,2024-05-23,97,1,2,5,1299.00,0.03,12.21,Shipped,6300.15,1789.65
3377,2024-12-02,141,3,6,4,430.00,0.03,68.28,Delivered,1668.40,582.00
3378,2024-12-16,188,2,7,2,189.00,0.13,58.51,Shipped,328.86,116.58
3379,2024-01-05,61,9,2,8,18.00,0.18,65.89,Pending,118.08,59.04
3380,2024-08-26,192,9,5,8,18.00,0.08,25.45,Shipped,132.48,66.24
3381,2024-06-30,34,2,5,2,189.00,0.14,82.56,Delivered,325.08,115.24
3382,2024-08-21,30,7,4,5,640.00,0.10,75.61,Shipped,2880.00,1147.50
3383,2024-11-30,172,9,6,2,18.00,0.03,45.49,Shipped,34.92,17.46
3384,2024-02-11,196,2,2,5,189.00,0.14,34.19,Shipped,812.70,288.10
3385,2024-07-05,108,10,8,3,780.00,0.11,37.12,Shipped,2082.60,747.60
3386,2024-02-28,154,3,8,7,430.00,0.09,29.25,Shipped,2739.10,955.50
3387,2024-12-16,30,12,7,3,16.00,0.15,29.56,Shipped,40.80,19.12
3388,2024-02-24,35,12,7,7,16.00,0.17,44.17,Shipped,92.96,43.57
3389,2024-01-13,96,6,8,4,890.00,0.08,26.28,Delivered,3275.20,1030.40
3390,2024-09-25,123,12,5,1,16.00,0.03,22.20,Pending,15.52,7.27
3391,2024-05-27,171,7,2,5,640.00,0.05,40.54,Shipped,3040.00,1211.25
3392,2024-09-10,109,4,4,1,545.00,0.05,61.64,Shipped,517.75,175.75
3393,2024-08-22,107,2,5,3,189.00,0.11,19.47,Shipped,504.63,178.89
3394,2024-09-18,59,2,7,7,189.00,0.04,79.38,Shipped,1270.08,450.24
3395,2024-01-14,65,7,6,7,640.00,0.10,53.27,Shipped,4032.00,1606.50
3396,2024-09-04,6,4,7,4,545.00,0.00,32.32,Shipped,2180.00,740.00
3397,2024-12-15,155,11,4,7,2450.00,0.13,62.38,Shipped,14920.50,4263.00
3398,2024-06-25,148,3,3,2,430.00,0.12,24.24,Delivered,756.80,264.00
3399,2024-07-15,85,10,4,5,780.00,0.01,78.27,Shipped,3861.00,1386.00
3400,2024-12-17,38,10,2,2,780.00,0.10,24.43,Shipped,1404.00,504.00
3401,2024-05-23,123,2,4,1,189.00,0.02,20.34,Pending,185.22,65.66
3402,2024-07-24,167,1,8,6,1299.00,0.12,50.38,Delivered,6858.72,1948.32
3403,2024-09-23,168,5,8,5,410.00,0.10,44.76,Pending,1845.00,675.00
3404,2024-06-10,42,3,2,8,430.00,0.02,32.38,Delivered,3371.20,1176.00
3405,2024-06-20,107,6,2,2,890.00,0.18,77.07,Shipped,1459.60,459.20
3406,2024-02-09,127,4,6,7,545.00,0.16,18.91,Shipped,3204.60,1087.80
3407,2024-02-18,44,10,8,6,780.00,0.15,44.75,Shipped,3978.00,1428.00
3408,2024-07-31,27,7,5,7,640.00,0.04,78.71,Shipped,4300.80,1713.60
3409,2024-02-15,147,4,1,7,545.00,0.10,81.19,Pending,3433.50,1165.50
3410,2024-02-28,196,4,1,8,545.00,0.01,84.35,Shipped,4316.40,1465.20
3411,2024-12-15,179,3,2,7,430.00,0.04,83.81,Shipped,2889.60,1008.00
3412,2024-03-02,62,2,8,6,189.00,0.05,14.67,Delivered,1077.30,381.90
3413,2024-06-07,177,10,1,4,780.00,0.09,23.92,Shipped,2839.20,1019.20
3414,2024-05-31,96,9,6,4,18.00,0.06,42.74,Cancelled,67.68,33.84
3415,2024-04-30,175,10,2,3,780.00,0.09,32.33,Delivered,2129.40,764.40
3416,2024-11-05,162,3,3,6,430.00,0.14,77.11,Shipped,2218.80,774.00
3417,2024-05-19,18,10,3,6,780.00,0.10,76.11,Pending,4212.00,1512.00
3418,2024-05-10,127,7,3,2,640.00,0.15,84.38,Delivered,1088.00,433.50
3419,2024-07-26,10,2,7,4,189.00,0.10,31.06,Shipped,680.40,241.20
3420,2024-04-16,186,9,5,6,18.00,0.04,34.92,Shipped,103.68,51.84
3421,2024-01-27,155,4,1,8,545.00,0.11,50.06,Delivered,3880.40,1317.20
3422,2024-11-14,12,11,7,5,2450.00,0.07,69.54,Shipped,11392.50,3255.00
3423,2024-03-10,162,5,1,3,410.00,0.13,45.65,Pending,1070.10,391.50
3424,2024-04-06,85,11,2,7,2450.00,0.07,16.70,Delivered,15949.50,4557.00
3425,2024-04-20,160,8,4,7,24.00,0.08,46.91,Shipped,154.56,77.28
3426,2024-09-02,169,4,5,1,545.00,0.13,25.16,Shipped,474.15,160.95
3427,2024-03-28,166,3,5,2,430.00,0.12,50.34,Delivered,756.80,264.00
3428,2024-04-27,16,7,4,3,640.00,0.13,43.67,Shipped,1670.40,665.55
3429,2024-01-08,25,9,2,5,18.00,0.05,24.28,Delivered,85.50,42.75
3430,2024-10-10,70,3,1,3,430.00,0.12,29.86,Delivered,1135.20,396.00
3431,2024-07-07,2,12,5,8,16.00,0.07,63.21,Delivered,119.04,55.80
3432,2024-03-01,172,12,7,2,16.00,0.18,42.41,Shipped,26.24,12.30
3433,2024-11-09,148,5,2,5,410.00,0.09,26.05,Shipped,1865.50,682.50
3434,2024-12-27,17,4,8,1,545.00,0.06,72.65,Shipped,512.30,173.90
3435,2024-06-15,24,11,1,3,2450.00,0.07,17.55,Delivered,6835.50,1953.00
3436,2024-02-06,7,11,4,6,2450.00,0.07,57.00,Shipped,13671.00,3906.00
3437,2024-10-22,152,3,1,3,430.00,0.04,39.90,Shipped,1238.40,432.00
3438,2024-10-25,170,7,3,3,640.00,0.10,29.06,Shipped,1728.00,688.50
3439,2024-02-17,146,5,2,2,410.00,0.11,51.55,Delivered,729.80,267.00
3440,2024-11-07,174,1,4,5,1299.00,0.02,59.72,Delivered,6365.10,1808.10
3441,2024-05-30,1,7,7,3,640.00,0.09,25.71,Shipped,1747.20,696.15
3442,2024-04-13,77,11,4,4,2450.00,0.05,46.50,Shipped,9310.00,2660.00
3443,2024-09-26,98,7,5,1,640.00,0.09,68.65,Shipped,582.40,232.05
3444,2024-05-27,45,5,4,3,410.00,0.07,57.28,Shipped,1143.90,418.50
3445,2024-06-17,88,1,8,5,1299.00,0.04,71.95,Shipped,6235.20,1771.20
3446,2024-06-26,42,9,6,5,18.00,0.16,79.24,Delivered,75.60,37.80
3447,2024-01-05,64,10,7,7,780.00,0.05,27.30,Pending,5187.00,1862.00
3448,2024-08-28,104,6,1,5,890.00,0.08,70.59,Shipped,4094.00,1288.00
3449,2024-01-03,10,10,6,5,780.00,0.02,49.13,Shipped,3822.00,1372.00
3450,2024-05-20,73,12,7,7,16.00,0.09,43.66,Shipped,101.92,47.77
3451,2024-10-02,157,10,5,8,780.00,0.00,63.16,Shipped,6240.00,2240.00
3452,2024-11-24,6,7,1,2,640.00,0.15,57.35,Delivered,1088.00,433.50
3453,2024-02-11,7,4,5,8,545.00,0.02,40.63,Delivered,4272.80,1450.40
3454,2024-08-02,111,12,6,1,16.00,0.12,17.59,Delivered,14.08,6.60
3455,2024-08-04,6,11,2,7,2450.00,0.09,33.35,Shipped,15606.50,4459.00
3456,2024-12-15,47,4,5,4,545.00,0.17,38.86,Delivered,1809.40,614.20
3457,2024-08-10,148,9,6,1,18.00,0.16,84.43,Shipped,15.12,7.56
3458,2024-01-09,166,6,7,7,890.00,0.15,54.09,Delivered,5295.50,1666.00
3459,2024-09-05,88,5,1,3,410.00,0.15,66.71,Shipped,1045.50,382.50
3460,2024-04-01,144,7,2,8,640.00,0.15,51.21,Shipped,4352.00,1734.00
3461,2024-06-18,115,2,5,1,189.00,0.15,36.12,Cancelled,160.65,56.95
3462,2024-12-15,62,9,6,8,18.00,0.08,24.59,Shipped,132.48,66.24
3463,2024-06-03,132,2,7,4,189.00,0.09,32.99,Shipped,687.96,243.88
3464,2024-07-27,144,1,7,4,1299.00,0.06,37.61,Shipped,4884.24,1387.44
3465,2024-02-13,6,2,3,8,189.00,0.10,39.55,Shipped,1360.80,482.40
3466,2024-11-08,167,4,1,5,545.00,0.12,48.77,Shipped,2398.00,814.00
3467,2024-12-28,126,8,6,7,24.00,0.14,15.56,Shipped,144.48,72.24
3468,2024-06-16,107,3,1,4,430.00,0.13,27.74,Shipped,1496.40,522.00
3469,2024-05-24,55,11,5,7,2450.00,0.09,55.64,Delivered,15606.50,4459.00
3470,2024-05-05,60,2,2,3,189.00,0.04,39.07,Pending,544.32,192.96
3471,2024-02-15,123,12,1,8,16.00,0.16,73.19,Delivered,107.52,50.40
3472,2024-06-03,72,6,8,8,890.00,0.16,24.63,Shipped,5980.80,1881.60
3473,2024-03-10,100,4,7,8,545.00,0.10,62.85,Shipped,3924.00,1332.00
3474,2024-10-10,155,8,8,5,24.00,0.14,82.53,Delivered,103.20,51.60
3475,2024-11-09,70,11,5,4,2450.00,0.17,73.27,Delivered,8134.00,2324.00
3476,2024-03-11,151,6,4,8,890.00,0.13,69.47,Delivered,6194.40,1948.80
3477,2024-01-15,193,4,8,7,545.00,0.08,52.70,Shipped,3509.80,1191.40
3478,2024-05-15,39,1,8,7,1299.00,0.08,17.88,Shipped,8365.56,2376.36
3479,2024-06-28,52,5,2,2,410.00,0.06,46.40,Shipped,770.80,282.00
3480,2024-04-16,16,10,1,1,780.00,0.12,15.40,Delivered,686.40,246.40
3481,2024-01-18,105,6,7,6,890.00,0.13,22.95,Delivered,4645.80,1461.60
3482,2024-05-14,88,4,6,7,545.00,0.07,36.96,Shipped,3547.95,1204.35
3483,2024-04-12,174,3,7,7,430.00,0.18,58.08,Delivered,2468.20,861.00
3484,2024-12-09,196,1,1,5,1299.00,0.08,74.45,Shipped,5975.40,1697.40
3485,2024-02-10,18,1,4,5,1299.00,0.11,67.00,Shipped,5780.55,1642.05
3486,2024-08-03,20,2,7,6,189.00,0.18,18.33,Shipped,929.88,329.64
3487,2024-06-11,129,4,8,5,545.00,0.07,17.58,Delivered,2534.25,860.25
3488,2024-08-28,115,7,2,7,640.00,0.09,60.83,Shipped,4076.80,1624.35
3489,2024-08-24,188,10,7,7,780.00,0.12,74.67,Delivered,4804.80,1724.80
3490,2024-10-07,38,12,1,6,16.00,0.13,38.93,Shipped,83.52,39.15
3491,2024-11-03,151,6,1,2,890.00,0.05,23.98,Shipped,1691.00,532.00
3492,2024-04-28,1,12,3,3,16.00,0.09,78.30,Delivered,43.68,20.48
3493,2024-06-10,72,8,4,7,24.00,0.03,23.36,Shipped,162.96,81.48
3494,2024-06-30,18,4,2,7,545.00,0.07,34.51,Shipped,3547.95,1204.35
3495,2024-05-04,55,9,2,5,18.00,0.08,66.07,Shipped,82.80,41.40
3496,2024-05-13,117,5,5,3,410.00,0.00,35.89,Shipped,1230.00,450.00
3497,2024-02-22,5,12,3,4,16.00,0.14,47.10,Shipped,55.04,25.80
3498,2024-07-01,22,9,7,7,18.00,0.06,75.30,Shipped,118.44,59.22
3499,2024-06-03,25,4,2,4,545.00,0.17,17.57,Pending,1809.40,614.20
3500,2024-01-05,37,6,6,4,890.00,0.05,80.96,Shipped,3382.00,1064.00
3501,2024-06-11,137,2,6,4,189.00,0.17,80.30,Delivered,627.48,222.44
3502,2024-07-05,164,3,2,8,430.00,0.10,35.93,Delivered,3096.00,1080.00
3503,2024-11-13,15,10,5,2,780.00,0.17,82.89,Shipped,1294.80,464.80
3504,2024-07-11,85,6,2,7,890.00,0.08,67.33,Shipped,5731.60,1803.20
3505,2024-10-02,53,2,4,5,189.00,0.10,81.69,Shipped,850.50,301.50
3506,2024-01-22,188,1,4,2,1299.00,0.15,75.23,Shipped,2208.30,627.30
3507,2024-03-06,181,10,3,5,780.00,0.16,19.50,Pending,3276.00,1176.00
3508,2024-07-08,148,8,4,1,24.00,0.15,65.69,Shipped,20.40,10.20
3509,2024-02-02,132,6,3,8,890.00,0.16,33.55,Cancelled,5980.80,1881.60
3510,2024-05-31,186,7,2,4,640.00,0.04,36.26,Pending,2457.60,979.20
3511,2024-07-04,51,1,2,6,1299.00,0.04,25.86,Delivered,7482.24,2125.44
3512,2024-05-31,3,8,8,2,24.00,0.12,19.29,Shipped,42.24,21.12
3513,2024-07-27,93,10,5,6,780.00,0.06,41.69,Delivered,4399.20,1579.20
3514,2024-08-09,61,12,5,6,16.00,0.18,34.16,Delivered,78.72,36.90
3515,2024-04-04,153,10,2,3,780.00,0.07,56.81,Delivered,2176.20,781.20
3516,2024-05-16,88,3,1,7,430.00,0.06,17.99,Pending,2829.40,987.00
3517,2024-02-22,6,7,2,7,640.00,0.18,39.78,Pending,3673.60,1463.70
3518,2024-01-09,16,12,3,3,16.00,0.12,21.78,Delivered,42.24,19.80
3519,2024-07-26,138,3,7,3,430.00,0.03,18.11,Delivered,1251.30,436.50
3520,2024-07-01,164,7,3,7,640.00,0.15,53.50,Shipped,3808.00,1517.25
3521,2024-03-15,8,9,4,5,18.00,0.09,70.37,Delivered,81.90,40.95
3522,2024-01-02,3,6,4,3,890.00,0.12,58.29,Delivered,2349.60,739.20
3523,2024-11-20,91,8,3,3,24.00,0.10,45.28,Delivered,64.80,32.40
3524,2024-03-21,38,1,1,8,1299.00,0.16,31.52,Shipped,8729.28,2479.68
3525,2024-09-09,189,3,5,4,430.00,0.10,80.57,Shipped,1548.00,540.00
3526,2024-06-28,23,5,6,3,410.00,0.16,71.23,Shipped,1033.20,378.00
3527,2024-09-19,165,1,3,7,1299.00,0.00,39.75,Shipped,9093.00,2583.00
3528,2024-01-15,45,3,5,1,430.00,0.08,38.18,Shipped,395.60,138.00
3529,2024-09-01,68,8,7,6,24.00,0.01,54.31,Shipped,142.56,71.28
3530,2024-02-12,163,9,6,7,18.00,0.07,62.21,Shipped,117.18,58.59
3531,2024-02-18,100,6,6,7,890.00,0.14,28.10,Shipped,5357.80,1685.60
3532,2024-09-28,131,9,8,7,18.00,0.06,62.90,Delivered,118.44,59.22
3533,2024-11-10,160,4,2,4,545.00,0.07,82.01,Shipped,2027.40,688.20
3534,2024-03-06,36,10,1,2,780.00,0.18,70.35,Delivered,1279.20,459.20
3535,2024-10-11,98,1,5,8,1299.00,0.15,32.23,Delivered,8833.20,2509.20
3536,2024-02-10,193,10,1,4,780.00,0.09,27.13,Shipped,2839.20,1019.20
3537,2024-05-11,134,10,6,4,780.00,0.10,81.40,Shipped,2808.00,1008.00
3538,2024-06-06,19,10,2,5,780.00,0.08,53.13,Shipped,3588.00,1288.00
3539,2024-07-04,60,5,8,3,410.00,0.10,54.96,Delivered,1107.00,405.00
3540,2024-07-28,122,4,1,6,545.00,0.13,21.20,Delivered,2844.90,965.70
3541,2024-09-09,3,9,5,7,18.00,0.15,50.60,Delivered,107.10,53.55
3542,2024-06-18,98,12,3,3,16.00,0.07,60.44,Pending,44.64,20.92
3543,2024-12-05,48,3,3,1,430.00,0.14,20.09,Shipped,369.80,129.00
3544,2024-05-05,96,4,1,7,545.00,0.16,49.54,Shipped,3204.60,1087.80
3545,2024-06-01,175,7,8,7,640.00,0.12,48.67,Pending,3942.40,1570.80
3546,2024-07-23,72,6,4,8,890.00,0.18,65.59,Shipped,5838.40,1836.80
3547,2024-10-21,122,6,3,2,890.00,0.04,58.44,Shipped,1708.80,537.60
3548,2024-09-01,83,6,6,3,890.00,0.17,63.10,Shipped,2216.10,697.20
3549,2024-10-02,182,8,5,2,24.00,0.17,16.70,Pending,39.84,19.92
3550,2024-09-26,99,11,3,7,2450.00,0.08,67.52,Delivered,15778.00,4508.00
3551,2024-11-29,31,10,8,7,780.00,0.05,28.35,Pending,5187.00,1862.00
3552,2024-07-01,82,2,6,7,189.00,0.06,20.15,Shipped,1243.62,440.86
3553,2024-09-28,154,7,4,1,640.00,0.16,15.64,Cancelled,537.60,214.20
3554,2024-06-28,189,9,3,1,18.00,0.15,40.91,Shipped,15.30,7.65
3555,2024-01-20,22,12,6,8,16.00,0.12,23.33,Delivered,112.64,52.80
3556,2024-03-15,33,9,5,4,18.00,0.05,60.39,Shipped,68.40,34.20
3557,2024-07-14,106,9,1,5,18.00,0.08,62.67,Cancelled,82.80,41.40
3558,2024-11-20,130,1,5,1,1299.00,0.14,26.35,Shipped,1117.14,317.34
3559,2024-01-03,19,6,4,8,890.00,0.13,39.36,Delivered,6194.40,1948.80
3560,2024-07-23,103,12,8,2,16.00,0.17,35.82,Shipped,26.56,12.45
3561,2024-01-09,89,4,3,7,545.00,0.01,77.01,Shipped,3776.85,1282.05
3562,2024-05-16,192,7,3,8,640.00,0.02,57.93,Delivered,5017.60,1999.20
3563,2024-07-21,179,5,2,2,410.00,0.11,23.18,Shipped,729.80,267.00
3564,2024-06-27,105,8,3,6,24.00,0.13,24.46,Shipped,125.28,62.64
3565,2024-07-01,83,12,4,4,16.00,0.15,61.17,Shipped,54.40,25.50
3566,2024-06-12,141,3,2,3,430.00,0.07,42.43,Shipped,1199.70,418.50
3567,2024-11-06,95,7,8,5,640.00,0.05,40.87,Shipped,3040.00,1211.25
3568,2024-11-08,199,1,8,6,1299.00,0.01,69.03,Shipped,7716.06,2191.86
3569,2024-10-18,26,10,2,8,780.00,0.09,39.03,Shipped,5678.40,2038.40
3570,2024-12-12,177,5,5,2,410.00,0.14,56.09,Shipped,705.20,258.00
3571,2024-04-15,173,2,7,5,189.00,0.11,24.98,Delivered,841.05,298.15
3572,2024-05-05,133,11,6,8,2450.00,0.05,44.48,Shipped,18620.00,5320.00
3573,2024-06-12,150,1,8,1,1299.00,0.07,34.12,Pending,1208.07,343.17
3574,2024-11-28,182,4,5,4,545.00,0.18,43.53,Shipped,1787.60,606.80
3575,2024-09-09,27,6,7,3,890.00,0.17,64.99,Delivered,2216.10,697.20
3576,2024-05-16,197,10,1,8,780.00,0.07,81.31,Shipped,5803.20,2083.20
3577,2024-02-27,89,4,6,8,545.00,0.08,84.57,Pending,4011.20,1361.60
3578,2024-02-26,32,6,5,8,890.00,0.08,28.70,Shipped,6550.40,2060.80
3579,2024-05-14,62,11,2,5,2450.00,0.12,47.31,Shipped,10780.00,3080.00
3580,2024-07-06,120,9,6,7,18.00,0.05,28.30,Shipped,119.70,59.85
3581,2024-11-20,125,5,2,7,410.00,0.10,75.91,Shipped,2583.00,945.00
3582,2024-04-19,159,11,6,3,2450.00,0.04,22.55,Shipped,7056.00,2016.00
3583,2024-07-09,90,9,1,6,18.00,0.09,55.64,Delivered,98.28,49.14
3584,2024-07-04,129,2,7,7,189.00,0.01,69.48,Delivered,1309.77,464.31
3585,2024-05-14,161,11,2,4,2450.00,0.07,29.40,Delivered,9114.00,2604.00
3586,2024-12-01,164,5,8,1,410.00,0.05,45.95,Shipped,389.50,142.50
3587,2024-10-30,114,11,2,5,2450.00,0.13,47.97,Shipped,10657.50,3045.00
3588,2024-12-21,63,5,2,6,410.00,0.13,53.75,Cancelled,2140.20,783.00
3589,2024-09-22,183,4,8,5,545.00,0.07,67.96,Shipped,2534.25,860.25
3590,2024-08-24,7,4,7,2,545.00,0.00,45.59,Pending,1090.00,370.00
3591,2024-01-16,169,1,2,8,1299.00,0.13,80.63,Shipped,9041.04,2568.24
3592,2024-11-26,70,10,1,8,780.00,0.10,63.15,Shipped,5616.00,2016.00
3593,2024-09-27,81,6,2,7,890.00,0.16,23.39,Delivered,5233.20,1646.40
3594,2024-07-05,149,4,7,8,545.00,0.07,30.25,Cancelled,4054.80,1376.40
3595,2024-08-07,125,4,6,6,545.00,0.13,55.39,Shipped,2844.90,965.70
3596,2024-01-30,117,3,3,4,430.00,0.05,18.23,Shipped,1634.00,570.00
3597,2024-06-25,28,4,1,2,545.00,0.05,15.44,Shipped,1035.50,351.50
3598,2024-06-07,43,8,5,4,24.00,0.08,74.13,Delivered,88.32,44.16
3599,2024-06-09,123,12,7,8,16.00,0.14,76.56,Cancelled,110.08,51.60
3600,2024-05-17,134,1,4,1,1299.00,0.12,78.73,Pending,1143.12,324.72
3601,2024-04-26,94,11,7,6,2450.00,0.10,23.20,Delivered,13230.00,3780.00
3602,2024-09-19,45,6,3,7,890.00,0.04,65.25,Delivered,5980.80,1881.60
3603,2024-05-15,182,2,3,7,189.00,0.08,54.58,Shipped,1217.16,431.48
3604,2024-03-05,173,3,4,3,430.00,0.01,57.74,Shipped,1277.10,445.50
3605,2024-03-22,97,2,2,8,189.00,0.14,51.90,Delivered,1300.32,460.96
3606,2024-03-16,86,10,5,7,780.00,0.18,67.39,Shipped,4477.20,1607.20
3607,2024-05-15,162,11,5,7,2450.00,0.16,63.10,Shipped,14406.00,4116.00
3608,2024-12-17,82,5,5,2,410.00,0.02,19.12,Delivered,803.60,294.00
3609,2024-09-29,171,12,6,2,16.00,0.04,79.26,Shipped,30.72,14.40
3610,2024-01-10,176,6,3,1,890.00,0.04,72.26,Pending,854.40,268.80
3611,2024-02-21,177,10,4,8,780.00,0.15,64.73,Shipped,5304.00,1904.00
3612,2024-02-21,138,5,8,2,410.00,0.05,60.97,Shipped,779.00,285.00
3613,2024-02-08,67,11,4,4,2450.00,0.04,31.49,Shipped,9408.00,2688.00
3614,2024-02-19,29,3,8,3,430.00,0.10,78.53,Shipped,1161.00,405.00
3615,2024-01-01,131,8,7,5,24.00,0.08,47.25,Delivered,110.40,55.20
3616,2024-01-06,108,11,8,7,2450.00,0.02,51.67,Delivered,16807.00,4802.00
3617,2024-07-12,37,12,6,1,16.00,0.09,59.76,Pending,14.56,6.83
3618,2024-02-03,163,7,3,2,640.00,0.09,15.05,Shipped,1164.80,464.10
3619,2024-09-21,102,9,1,5,18.00,0.02,40.46,Shipped,88.20,44.10
3620,2024-01-23,58,11,3,7,2450.00,0.15,59.77,Delivered,14577.50,4165.00
3621,2024-05-11,158,7,8,5,640.00,0.02,56.74,Shipped,3136.00,1249.50
3622,2024-06-14,184,11,4,1,2450.00,0.07,78.56,Delivered,2278.50,651.00
3623,2024-10-18,9,10,8,1,780.00,0.04,21.54,Delivered,748.80,268.80
3624,2024-02-28,181,10,8,1,780.00,0.02,17.05,Delivered,764.40,274.40
3625,2024-10-13,147,2,4,7,189.00,0.18,22.38,Shipped,1084.86,384.58
3626,2024-01-06,119,5,3,2,410.00,0.17,79.33,Shipped,680.60,249.00
3627,2024-05-07,164,7,3,6,640.00,0.17,41.31,Shipped,3187.20,1269.90
3628,2024-03-30,29,7,1,8,640.00,0.07,32.17,Shipped,4761.60,1897.20
3629,2024-11-04,60,4,6,4,545.00,0.14,72.41,Shipped,1874.80,636.40
3630,2024-11-14,164,2,1,7,189.00,0.07,29.47,Delivered,1230.39,436.17
3631,2024-02-13,123,5,6,5,410.00,0.07,27.89,Pending,1906.50,697.50
3632,2024-06-25,32,1,3,2,1299.00,0.05,78.24,Delivered,2468.10,701.10
3633,2024-03-18,140,4,4,2,545.00,0.10,38.84,Cancelled,981.00,333.00
3634,2024-10-25,181,8,1,4,24.00,0.06,67.36,Pending,90.24,45.12
3635,2024-02-21,127,8,2,8,24.00,0.13,26.03,Shipped,167.04,83.52
3636,2024-09-13,116,1,5,2,1299.00,0.02,78.44,Pending,2546.04,723.24
3637,2024-01-03,85,2,7,5,189.00,0.10,28.93,Pending,850.50,301.50
3638,2024-10-11,152,6,4,4,890.00,0.08,52.78,Shipped,3275.20,1030.40
3639,2024-10-12,117,7,8,8,640.00,0.16,43.80,Shipped,4300.80,1713.60
3640,2024-07-17,72,4,5,6,545.00,0.17,59.89,Delivered,2714.10,921.30
3641,2024-10-27,184,8,4,2,24.00,0.12,46.49,Shipped,42.24,21.12
3642,2024-04-26,58,3,5,7,430.00,0.13,64.75,Shipped,2618.70,913.50
3643,2024-09-12,68,6,2,1,890.00,0.05,32.51,Shipped,845.50,266.00
3644,2024-01-23,151,5,8,4,410.00,0.15,51.52,Cancelled,1394.00,510.00
3645,2024-07-17,6,6,5,3,890.00,0.09,45.22,Delivered,2429.70,764.40
3646,2024-10-25,93,10,5,8,780.00,0.07,20.57,Shipped,5803.20,2083.20
3647,2024-09-04,148,8,7,5,24.00,0.16,38.43,Pending,100.80,50.40
3648,2024-06-28,108,6,8,3,890.00,0.09,69.69,Shipped,2429.70,764.40
3649,2024-07-17,175,10,4,5,780.00,0.09,31.59,Cancelled,3549.00,1274.00
3650,2024-01-13,195,4,1,5,545.00,0.17,39.76,Delivered,2261.75,767.75
3651,2024-08-01,3,7,7,3,640.00,0.17,81.63,Delivered,1593.60,634.95
3652,2024-07-27,18,4,3,7,545.00,0.14,46.77,Pending,3280.90,1113.70
3653,2024-08-14,113,8,8,6,24.00,0.08,67.25,Shipped,132.48,66.24
3654,2024-10-16,105,3,7,4,430.00,0.09,55.02,Delivered,1565.20,546.00
3655,2024-08-15,18,11,2,1,2450.00,0.17,67.43,Cancelled,2033.50,581.00
3656,2024-03-04,34,9,7,3,18.00,0.03,69.89,Shipped,52.38,26.19
3657,2024-11-30,43,5,4,3,410.00,0.04,61.96,Delivered,1180.80,432.00
3658,2024-01-27,37,4,4,5,545.00,0.05,13.65,Shipped,2588.75,878.75
3659,2024-12-28,8,7,5,4,640.00,0.12,12.17,Pending,2252.80,897.60
3660,2024-12-01,34,4,6,8,545.00,0.10,40.60,Delivered,3924.00,1332.00
3661,2024-11-02,79,2,3,6,189.00,0.04,64.22,Shipped,1088.64,385.92
3662,2024-07-14,68,5,6,5,410.00,0.10,68.93,Shipped,1845.00,675.00
3663,2024-02-24,30,10,1,5,780.00,0.03,37.55,Shipped,3783.00,1358.00
3664,2024-03-14,136,1,6,4,1299.00,0.18,41.94,Cancelled,4260.72,1210.32
3665,2024-03-08,94,6,1,8,890.00,0.10,82.88,Shipped,6408.00,2016.00
3666,2024-09-28,164,8,7,1,24.00,0.12,15.07,Delivered,21.12,10.56
3667,2024-03-07,44,2,4,2,189.00,0.17,14.50,Delivered,313.74,111.22
3668,2024-11-14,184,6,7,7,890.00,0.17,81.45,Delivered,5170.90,1626.80
3669,2024-12-04,34,9,8,8,18.00,0.03,76.65,Shipped,139.68,69.84
3670,2024-12-24,20,5,3,5,410.00,0.10,70.20,Shipped,1845.00,675.00
3671,2024-02-27,122,11,7,5,2450.00,0.05,43.18,Shipped,11637.50,3325.00
3672,2024-04-03,139,9,1,8,18.00,0.00,35.67,Delivered,144.00,72.00
3673,2024-04-01,135,8,5,6,24.00,0.12,22.95,Shipped,126.72,63.36
3674,2024-12-14,41,12,1,2,16.00,0.13,47.70,Shipped,27.84,13.05
3675,2024-05-19,18,7,5,8,640.00,0.11,60.07,Pending,4556.80,1815.60
3676,2024-01-29,69,7,7,3,640.00,0.16,35.33,Delivered,1612.80,642.60
3677,2024-02-20,92,3,7,8,430.00,0.05,24.47,Shipped,3268.00,1140.00
3678,2024-07-22,15,8,6,5,24.00,0.13,80.04,Delivered,104.40,52.20
3679,2024-04-13,4,10,6,8,780.00,0.03,29.37,Shipped,6052.80,2172.80
3680,2024-07-22,137,12,1,7,16.00,0.01,18.42,Shipped,110.88,51.98
3681,2024-08-16,153,3,4,3,430.00,0.07,17.51,Delivered,1199.70,418.50
3682,2024-09-29,88,9,2,8,18.00,0.00,38.64,Delivered,144.00,72.00
3683,2024-10-16,111,8,8,3,24.00,0.00,21.43,Shipped,72.00,36.00
3684,2024-03-07,12,2,3,6,189.00,0.02,28.56,Shipped,1111.32,393.96
3685,2024-10-16,116,1,5,4,1299.00,0.14,54.74,Shipped,4468.56,1269.36
3686,2024-10-30,27,6,6,6,890.00,0.15,17.64,Delivered,4539.00,1428.00
3687,2024-11-05,166,8,2,5,24.00,0.11,83.07,Delivered,106.80,53.40
3688,2024-08-26,86,8,5,2,24.00,0.18,82.31,Delivered,39.36,19.68
3689,2024-06-02,144,8,4,7,24.00,0.03,21.51,Pending,162.96,81.48
3690,2024-09-21,140,4,2,3,545.00,0.05,53.98,Cancelled,1553.25,527.25
3691,2024-08-28,187,8,4,7,24.00,0.13,45.66,Shipped,146.16,73.08
3692,2024-05-12,77,4,5,4,545.00,0.11,37.01,Shipped,1940.20,658.60
3693,2024-08-24,133,8,3,7,24.00,0.07,20.05,Delivered,156.24,78.12
3694,2024-12-30,79,4,1,3,545.00,0.11,53.71,Delivered,1455.15,493.95
3695,2024-04-25,70,9,1,5,18.00,0.02,46.38,Delivered,88.20,44.10
3696,2024-01-26,161,1,1,5,1299.00,0.00,16.80,Pending,6495.00,1845.00
3697,2024-09-04,59,8,7,3,24.00,0.05,24.25,Shipped,68.40,34.20
3698,2024-12-21,36,3,6,5,430.00,0.11,79.37,Shipped,1913.50,667.50
3699,2024-11-02,60,1,2,5,1299.00,0.17,57.96,Shipped,5390.85,1531.35
3700,2024-02-21,174,6,3,8,890.00,0.04,80.93,Shipped,6835.20,2150.40
3701,2024-08-23,48,3,7,5,430.00,0.16,30.88,Cancelled,1806.00,630.00
3702,2024-06-17,108,10,1,1,780.00,0.11,50.08,Shipped,694.20,249.20
3703,2024-11-08,58,4,6,5,545.00,0.08,34.35,Shipped,2507.00,851.00
3704,2024-10-02,164,4,6,7,545.00,0.12,78.55,Shipped,3357.20,1139.60
3705,2024-09-01,22,6,4,1,890.00,0.14,24.13,Delivered,765.40,240.80
3706,2024-03-24,190,5,8,4,410.00,0.07,12.77,Delivered,1525.20,558.00
3707,2024-03-14,155,10,1,1,780.00,0.13,58.44,Shipped,678.60,243.60
3708,2024-08-20,105,2,5,5,189.00,0.03,48.74,Shipped,916.65,324.95
3709,2024-12-27,84,6,5,1,890.00,0.13,32.74,Pending,774.30,243.60
3710,2024-03-04,103,10,8,3,780.00,0.13,66.74,Delivered,2035.80,730.80
3711,2024-08-14,94,5,4,4,410.00,0.06,28.88,Shipped,1541.60,564.00
3712,2024-10-27,5,5,6,4,410.00,0.13,61.05,Delivered,1426.80,522.00
3713,2024-12-18,89,3,8,4,430.00,0.06,26.46,Delivered,1616.80,564.00
3714,2024-09-18,26,4,4,1,545.00,0.17,28.97,Shipped,452.35,153.55
3715,2024-11-18,174,4,1,3,545.00,0.18,42.89,Shipped,1340.70,455.10
3716,2024-04-01,40,5,8,5,410.00,0.00,53.61,Shipped,2050.00,750.00
3717,2024-12-31,118,3,1,4,430.00,0.04,15.27,Delivered,1651.20,576.00
3718,2024-07-23,13,3,4,3,430.00,0.06,71.78,Shipped,1212.60,423.00
3719,2024-02-15,94,6,6,8,890.00,0.01,54.91,Cancelled,7048.80,2217.60
3720,2024-11-20,179,1,5,3,1299.00,0.03,59.28,Pending,3780.09,1073.79
3721,2024-06-02,88,7,5,2,640.00,0.01,57.31,Shipped,1267.20,504.90
3722,2024-07-09,23,3,6,4,430.00,0.09,71.32,Delivered,1565.20,546.00
3723,2024-09-21,20,10,2,4,780.00,0.15,65.49,Delivered,2652.00,952.00
3724,2024-01-11,90,12,4,5,16.00,0.11,30.54,Delivered,71.20,33.38
3725,2024-02-05,158,12,8,2,16.00,0.06,48.30,Delivered,30.08,14.10
3726,2024-07-02,128,2,7,7,189.00,0.14,24.68,Shipped,1137.78,403.34
3727,2024-11-28,34,5,7,4,410.00,0.00,69.22,Shipped,1640.00,600.00
3728,2024-07-29,35,2,6,7,189.00,0.04,21.59,Delivered,1270.08,450.24
3729,2024-01-01,118,7,2,6,640.00,0.01,23.23,Shipped,3801.60,1514.70
3730,2024-10-14,169,7,6,7,640.00,0.11,45.62,Shipped,3987.20,1588.65
3731,2024-04-07,176,4,7,1,545.00,0.16,48.88,Delivered,457.80,155.40
3732,2024-10-30,10,2,1,2,189.00,0.16,67.87,Shipped,317.52,112.56
3733,2024-02-19,13,12,4,3,16.00,0.09,49.48,Shipped,43.68,20.48
3734,2024-02-20,138,10,4,1,780.00,0.05,83.09,Shipped,741.00,266.00
3735,2024-02-28,99,4,2,7,545.00,0.17,46.54,Shipped,3166.45,1074.85
3736,2024-06-29,23,9,6,7,18.00,0.17,15.34,Shipped,104.58,52.29
3737,2024-01-19,170,10,7,6,780.00,0.18,67.39,Shipped,3837.60,1377.60
3738,2024-03-23,98,8,3,1,24.00,0.00,81.29,Delivered,24.00,12.00
3739,2024-03-21,1,12,2,5,16.00,0.08,58.16,Shipped,73.60,34.50
3740,2024-06-29,108,5,1,8,410.00,0.09,65.08,Delivered,2984.80,1092.00
3741,2024-01-15,137,4,1,7,545.00,0.11,81.52,Shipped,3395.35,1152.55
3742,2024-11-02,150,11,6,2,2450.00,0.12,37.31,Shipped,4312.00,1232.00
3743,2024-10-07,53,7,8,2,640.00,0.05,47.10,Shipped,1216.00,484.50
3744,2024-08-10,98,9,7,8,18.00,0.07,75.39,Shipped,133.92,66.96
3745,2024-09-08,26,2,7,5,189.00,0.06,15.32,Pending,888.30,314.90
3746,2024-07-06,103,4,5,4,545.00,0.17,18.53,Shipped,1809.40,614.20
3747,2024-11-16,168,8,4,3,24.00,0.00,14.36,Shipped,72.00,36.00
3748,2024-06-26,110,6,4,4,890.00,0.14,63.36,Shipped,3061.60,963.20
3749,2024-05-03,5,11,4,2,2450.00,0.07,62.19,Shipped,4557.00,1302.00
3750,2024-10-30,42,7,2,6,640.00,0.05,47.08,Shipped,3648.00,1453.50
3751,2024-02-22,37,5,1,3,410.00,0.17,81.74,Shipped,1020.90,373.50
3752,2024-06-13,7,11,1,6,2450.00,0.05,84.46,Shipped,13965.00,3990.00
3753,2024-01-19,171,10,4,8,780.00,0.07,45.45,Shipped,5803.20,2083.20
3754,2024-09-01,35,5,7,2,410.00,0.07,12.96,Delivered,762.60,279.00
3755,2024-05-24,64,9,4,1,18.00,0.00,54.36,Shipped,18.00,9.00
3756,2024-06-09,41,10,5,4,780.00,0.18,47.90,Cancelled,2558.40,918.40
3757,2024-05-22,28,8,7,6,24.00,0.18,42.17,Shipped,118.08,59.04
3758,2024-09-19,159,8,4,6,24.00,0.02,56.21,Shipped,141.12,70.56
3759,2024-03-15,87,3,8,6,430.00,0.11,16.07,Shipped,2296.20,801.00
3760,2024-05-07,10,3,4,5,430.00,0.01,39.90,Shipped,2128.50,742.50
3761,2024-02-22,48,6,2,6,890.00,0.09,65.77,Delivered,4859.40,1528.80
3762,2024-02-22,133,11,3,1,2450.00,0.06,42.14,Shipped,2303.00,658.00
3763,2024-12-29,139,2,3,4,189.00,0.10,47.61,Shipped,680.40,241.20
3764,2024-05-21,125,11,1,7,2450.00,0.14,42.39,Shipped,14749.00,4214.00
3765,2024-08-30,101,10,6,5,780.00,0.05,23.34,Shipped,3705.00,1330.00
3766,2024-05-12,178,9,3,5,18.00,0.10,73.06,Shipped,81.00,40.50
3767,2024-02-06,63,8,4,8,24.00,0.01,38.79,Shipped,190.08,95.04
3768,2024-02-07,29,9,1,3,18.00,0.07,39.79,Shipped,50.22,25.11
3769,2024-03-03,68,2,4,7,189.00,0.00,18.22,Shipped,1323.00,469.00
3770,2024-02-17,129,10,2,2,780.00,0.15,70.71,Pending,1326.00,476.00
3771,2024-06-10,97,11,3,5,2450.00,0.13,41.87,Shipped,10657.50,3045.00
3772,2024-04-18,75,2,1,4,189.00,0.05,32.51,Shipped,718.20,254.60
3773,2024-02-05,133,2,2,2,189.00,0.06,81.26,Shipped,355.32,125.96
3774,2024-02-13,179,12,4,3,16.00,0.06,20.46,Delivered,45.12,21.15
3775,2024-12-08,1,5,5,8,410.00,0.01,38.36,Shipped,3247.20,1188.00
3776,2024-05-20,13,7,8,2,640.00,0.05,71.68,Shipped,1216.00,484.50
3777,2024-04-18,18,1,4,2,1299.00,0.05,70.93,Delivered,2468.10,701.10
3778,2024-07-18,70,6,8,3,890.00,0.17,23.13,Shipped,2216.10,697.20
3779,2024-08-29,154,5,1,8,410.00,0.13,13.99,Shipped,2853.60,1044.00
3780,2024-08-18,68,5,8,1,410.00,0.11,28.77,Pending,364.90,133.50
3781,2024-12-28,59,7,5,2,640.00,0.03,58.00,Cancelled,1241.60,494.70
3782,2024-02-06,2,7,1,4,640.00,0.03,67.41,Shipped,2483.20,989.40
3783,2024-04-29,17,12,1,6,16.00,0.09,81.20,Shipped,87.36,40.95
3784,2024-12-16,10,2,1,7,189.00,0.12,33.56,Delivered,1164.24,412.72
3785,2024-03-25,83,4,7,1,545.00,0.07,33.07,Shipped,506.85,172.05
3786,2024-08-13,75,9,7,8,18.00,0.11,76.01,Shipped,128.16,64.08
3787,2024-11-21,163,10,5,5,780.00,0.09,46.11,Delivered,3549.00,1274.00
3788,2024-05-06,104,2,1,1,189.00,0.17,45.29,Shipped,156.87,55.61
3789,2024-02-06,114,8,4,8,24.00,0.06,78.24,Shipped,180.48,90.24
3790,2024-04-13,10,8,2,2,24.00,0.17,17.39,Shipped,39.84,19.92
3791,2024-12-26,195,7,1,1,640.00,0.05,13.72,Delivered,608.00,242.25
3792,2024-05-17,74,5,2,6,410.00,0.06,55.21,Shipped,2312.40,846.00
3793,2024-04-26,60,4,5,7,545.00,0.18,79.57,Shipped,3128.30,1061.90
3794,2024-03-23,59,10,2,8,780.00,0.14,13.94,Shipped,5366.40,1926.40
3795,2024-04-29,93,4,1,1,545.00,0.06,62.72,Shipped,512.30,173.90
3796,2024-04-02,99,11,7,6,2450.00,0.04,40.17,Shipped,14112.00,4032.00
3797,2024-11-10,123,11,8,4,2450.00,0.02,45.17,Cancelled,9604.00,2744.00
3798,2024-06-04,196,7,3,5,640.00,0.09,64.39,Shipped,2912.00,1160.25
3799,2024-04-10,192,9,6,7,18.00,0.15,82.79,Shipped,107.10,53.55
3800,2024-11-14,40,8,7,8,24.00,0.12,31.04,Shipped,168.96,84.48
3801,2024-05-03,71,10,4,2,780.00,0.16,47.16,Pending,1310.40,470.40
3802,2024-08-13,9,7,1,6,640.00,0.07,58.80,Shipped,3571.20,1422.90
3803,2024-04-27,82,8,3,2,24.00,0.16,20.86,Shipped,40.32,20.16
3804,2024-01-13,101,12,4,6,16.00,0.14,40.70,Shipped,82.56,38.70
3805,2024-10-30,137,12,8,1,16.00,0.02,33.61,Cancelled,15.68,7.35
3806,2024-11-26,84,6,8,1,890.00,0.15,28.85,Delivered,756.50,238.00
3807,2024-05-08,170,3,8,2,430.00,0.13,83.95,Shipped,748.20,261.00
3808,2024-10-25,39,6,6,3,890.00,0.11,74.21,Shipped,2376.30,747.60
3809,2024-01-13,160,3,7,1,430.00,0.00,60.68,Delivered,430.00,150.00
3810,2024-02-26,171,12,1,2,16.00,0.15,42.96,Shipped,27.20,12.75
3811,2024-10-26,118,4,5,5,545.00,0.17,66.53,Pending,2261.75,767.75
3812,2024-02-11,36,2,4,1,189.00,0.01,66.01,Shipped,187.11,66.33
3813,2024-12-01,196,4,5,7,545.00,0.15,57.59,Delivered,3242.75,1100.75
3814,2024-12-17,182,9,7,8,18.00,0.02,61.19,Shipped,141.12,70.56
3815,2024-02-01,68,11,5,2,2450.00,0.09,76.89,Cancelled,4459.00,1274.00
3816,2024-11-17,63,11,7,6,2450.00,0.17,64.90,Shipped,12201.00,3486.00
3817,2024-03-11,33,2,3,3,189.00,0.00,27.57,Shipped,567.00,201.00
3818,2024-07-22,74,2,8,7,189.00,0.01,57.97,Cancelled,1309.77,464.31
3819,2024-04-24,8,3,4,7,430.00,0.05,20.49,Pending,2859.50,997.50
3820,2024-11-07,62,7,4,6,640.00,0.16,56.49,Shipped,3225.60,1285.20
3821,2024-08-24,112,5,1,4,410.00,0.03,69.05,Pending,1590.80,582.00
3822,2024-12-31,147,12,4,3,16.00,0.18,22.21,Delivered,39.36,18.45
3823,2024-03-17,163,7,8,2,640.00,0.03,76.83,Shipped,1241.60,494.70
3824,2024-10-25,67,10,6,3,780.00,0.17,34.85,Delivered,1942.20,697.20
3825,2024-07-31,195,5,5,5,410.00,0.12,32.32,Cancelled,1804.00,660.00
3826,2024-11-18,110,12,7,2,16.00,0.16,76.52,Shipped,26.88,12.60
3827,2024-04-23,57,1,7,5,1299.00,0.00,63.65,Shipped,6495.00,1845.00
3828,2024-10-14,128,8,2,6,24.00,0.06,37.38,Pending,135.36,67.68
3829,2024-12-21,15,11,7,3,2450.00,0.14,50.74,Delivered,6321.00,1806.00
3830,2024-01-27,44,6,2,3,890.00,0.00,65.27,Cancelled,2670.00,840.00
3831,2024-04-30,120,3,2,7,430.00,0.03,64.89,Shipped,2919.70,1018.50
3832,2024-01-12,56,3,4,6,430.00,0.09,17.29,Delivered,2347.80,819.00
3833,2024-03-30,160,6,6,8,890.00,0.08,28.60,Shipped,6550.40,2060.80
3834,2024-10-19,51,10,6,8,780.00,0.15,35.06,Shipped,5304.00,1904.00
3835,2024-10-15,165,3,5,8,430.00,0.05,18.23,Shipped,3268.00,1140.00
3836,2024-12-11,56,7,8,1,640.00,0.04,50.52,Shipped,614.40,244.80
3837,2024-06-30,101,11,8,7,2450.00,0.02,23.70,Delivered,16807.00,4802.00
3838,2024-05-29,187,3,4,4,430.00,0.01,13.05,Shipped,1702.80,594.00
3839,2024-07-22,64,1,3,3,1299.00,0.11,84.58,Shipped,3468.33,985.23
3840,2024-09-18,120,4,3,2,545.00,0.01,46.43,Delivered,1079.10,366.30
3841,2024-09-25,52,2,3,8,189.00,0.04,43.15,Shipped,1451.52,514.56
3842,2024-05-28,140,6,3,3,890.00,0.00,21.76,Shipped,2670.00,840.00
3843,2024-08-17,6,9,5,3,18.00,0.10,30.50,Pending,48.60,24.30
3844,2024-08-11,175,12,3,8,16.00,0.11,43.38,Delivered,113.92,53.40
3845,2024-11-18,102,6,2,3,890.00,0.11,65.34,Shipped,2376.30,747.60
3846,2024-02-16,176,12,1,1,16.00,0.17,76.61,Shipped,13.28,6.22
3847,2024-02-28,159,5,5,3,410.00,0.02,76.03,Shipped,1205.40,441.00
3848,2024-01-25,4,4,7,1,545.00,0.18,21.83,Shipped,446.90,151.70
3849,2024-01-20,40,12,4,1,16.00,0.13,25.90,Shipped,13.92,6.53
3850,2024-03-13,164,5,4,8,410.00,0.06,26.94,Shipped,3083.20,1128.00
3851,2024-08-10,197,10,3,1,780.00,0.16,20.17,Shipped,655.20,235.20
3852,2024-07-21,57,2,7,7,189.00,0.11,73.04,Shipped,1177.47,417.41
3853,2024-12-12,79,1,4,4,1299.00,0.15,30.56,Shipped,4416.60,1254.60
3854,2024-05-09,17,1,7,2,1299.00,0.08,31.26,Shipped,2390.16,678.96
3855,2024-01-16,176,9,5,5,18.00,0.14,36.18,Shipped,77.40,38.70
3856,2024-06-17,187,11,2,8,2450.00,0.07,22.42,Delivered,18228.00,5208.00
3857,2024-12-20,44,9,1,3,18.00,0.05,20.69,Shipped,51.30,25.65
3858,2024-01-10,168,10,7,7,780.00,0.02,64.48,Shipped,5350.80,1920.80
3859,2024-06-17,42,12,6,6,16.00,0.03,29.85,Shipped,93.12,43.65
3860,2024-12-04,142,1,6,4,1299.00,0.18,59.30,Pending,4260.72,1210.32
3861,2024-04-30,90,5,1,5,410.00,0.09,41.54,Delivered,1865.50,682.50
3862,2024-12-12,51,10,6,1,780.00,0.14,18.35,Delivered,670.80,240.80
3863,2024-03-22,84,6,7,3,890.00,0.08,63.40,Shipped,2456.40,772.80
3864,2024-03-31,103,1,4,2,1299.00,0.18,32.17,Shipped,2130.36,605.16
3865,2024-05-01,6,5,6,1,410.00,0.13,55.29,Shipped,356.70,130.50
3866,2024-10-05,111,2,5,3,189.00,0.03,84.39,Shipped,549.99,194.97
3867,2024-12-25,85,12,5,6,16.00,0.11,25.22,Shipped,85.44,40.05
3868,2024-06-29,145,7,8,6,640.00,0.08,55.77,Cancelled,3532.80,1407.60
3869,2024-02-15,28,11,4,8,2450.00,0.18,70.22,Shipped,16072.00,4592.00
3870,2024-12-28,79,6,8,7,890.00,0.17,44.28,Shipped,5170.90,1626.80
3871,2024-12-15,27,2,7,1,189.00,0.10,83.46,Delivered,170.10,60.30
3872,2024-09-28,147,8,1,2,24.00,0.16,60.13,Cancelled,40.32,20.16
3873,2024-04-02,30,4,4,7,545.00,0.13,55.44,Shipped,3319.05,1126.65
3874,2024-01-04,132,4,5,8,545.00,0.08,66.63,Shipped,4011.20,1361.60
3875,2024-09-16,163,10,4,1,780.00,0.12,79.21,Shipped,686.40,246.40
3876,2024-02-24,190,2,4,8,189.00,0.10,74.80,Shipped,1360.80,482.40
3877,2024-08-26,27,11,6,7,2450.00,0.17,78.60,Delivered,14234.50,4067.00
3878,2024-04-22,55,9,8,6,18.00,0.16,22.62,Shipped,90.72,45.36
3879,2024-11-25,144,10,7,2,780.00,0.10,67.99,Delivered,1404.00,504.00
3880,2024-10-21,120,7,4,1,640.00,0.13,77.45,Shipped,556.80,221.85
3881,2024-01-03,121,4,8,5,545.00,0.11,83.56,Delivered,2425.25,823.25
3882,2024-11-30,77,5,6,8,410.00,0.12,58.91,Shipped,2886.40,1056.00
3883,2024-06-07,71,2,1,8,189.00,0.07,78.11,Shipped,1406.16,498.48
3884,2024-08-06,35,7,6,5,640.00,0.12,33.73,Shipped,2816.00,1122.00
3885,2024-06-30,146,2,7,1,189.00,0.17,65.55,Shipped,156.87,55.61
3886,2024-10-23,167,9,4,6,18.00,0.17,58.49,Delivered,89.64,44.82
3887,2024-01-28,119,10,7,6,780.00,0.09,34.94,Shipped,4258.80,1528.80
3888,2024-04-24,173,8,6,7,24.00,0.12,70.21,Shipped,147.84,73.92
3889,2024-09-01,135,5,4,5,410.00,0.12,47.68,Cancelled,1804.00,660.00
3890,2024-04-17,15,8,2,8,24.00,0.08,40.32,Delivered,176.64,88.32
3891,2024-12-17,164,4,6,1,545.00,0.12,12.19,Shipped,479.60,162.80
3892,2024-04-21,100,10,3,3,780.00,0.03,64.23,Shipped,2269.80,814.80
3893,2024-05-24,4,4,4,7,545.00,0.10,56.09,Shipped,3433.50,1165.50
3894,2024-10-10,86,11,1,3,2450.00,0.04,67.84,Cancelled,7056.00,2016.00
3895,2024-12-15,101,6,4,3,890.00,0.08,34.89,Pending,2456.40,772.80
3896,2024-06-18,31,5,8,3,410.00,0.05,62.37,Shipped,1168.50,427.50
3897,2024-03-06,63,5,8,8,410.00,0.01,42.94,Pending,3247.20,1188.00
3898,2024-01-18,150,4,6,6,545.00,0.07,62.72,Cancelled,3041.10,1032.30
3899,2024-01-22,39,1,1,7,1299.00,0.02,30.36,Shipped,8911.14,2531.34
3900,2024-06-07,68,6,5,8,890.00,0.14,20.11,Shipped,6123.20,1926.40
3901,2024-10-09,145,4,2,3,545.00,0.09,65.47,Delivered,1487.85,505.05
3902,2024-08-02,84,1,8,7,1299.00,0.02,23.23,Delivered,8911.14,2531.34
3903,2024-10-04,167,4,1,6,545.00,0.07,32.68,Shipped,3041.10,1032.30
3904,2024-06-29,64,11,1,5,2450.00,0.07,35.64,Delivered,11392.50,3255.00
3905,2024-10-24,86,1,3,7,1299.00,0.04,36.30,Shipped,8729.28,2479.68
3906,2024-09-12,125,9,5,4,18.00,0.04,21.99,Shipped,69.12,34.56
3907,2024-04-08,148,12,1,5,16.00,0.12,42.01,Shipped,70.40,33.00
3908,2024-04-01,178,12,4,7,16.00,0.10,64.62,Cancelled,100.80,47.25
3909,2024-03-13,109,10,1,3,780.00,0.17,25.41,Shipped,1942.20,697.20
3910,2024-08-15,96,6,1,7,890.00,0.02,68.45,Shipped,6105.40,1920.80
3911,2024-11-25,119,1,2,6,1299.00,0.12,24.60,Shipped,6858.72,1948.32
3912,2024-10-26,54,5,5,1,410.00,0.08,55.74,Delivered,377.20,138.00
3913,2024-02-28,98,3,2,4,430.00,0.12,67.11,Delivered,1513.60,528.00
3914,2024-10-28,189,11,2,3,2450.00,0.10,39.59,Pending,6615.00,1890.00
3915,2024-03-16,29,1,6,4,1299.00,0.00,18.21,Shipped,5196.00,1476.00
3916,2024-08-01,11,1,3,3,1299.00,0.09,59.62,Shipped,3546.27,1007.37
3917,2024-05-23,47,8,1,6,24.00,0.05,52.86,Shipped,136.80,68.40
3918,2024-10-04,138,8,3,3,24.00,0.01,26.13,Shipped,71.28,35.64
3919,2024-12-04,133,12,1,2,16.00,0.18,24.22,Cancelled,26.24,12.30
3920,2024-10-10,14,5,5,7,410.00,0.13,38.69,Shipped,2496.90,913.50
3921,2024-03-11,190,5,8,7,410.00,0.00,53.45,Delivered,2870.00,1050.00
3922,2024-01-10,166,7,5,8,640.00,0.03,57.82,Delivered,4966.40,1978.80
3923,2024-06-24,46,6,8,4,890.00,0.08,46.00,Shipped,3275.20,1030.40
3924,2024-09-10,141,9,5,1,18.00,0.08,71.16,Pending,16.56,8.28
3925,2024-05-19,107,6,8,8,890.00,0.08,75.33,Cancelled,6550.40,2060.80
3926,2024-02-14,37,10,8,3,780.00,0.10,23.32,Shipped,2106.00,756.00
3927,2024-11-02,35,9,3,7,18.00,0.12,17.20,Pending,110.88,55.44
3928,2024-07-12,66,2,8,1,189.00,0.00,26.30,Shipped,189.00,67.00
3929,2024-11-26,133,7,1,6,640.00,0.07,64.36,Shipped,3571.20,1422.90
3930,2024-01-06,52,2,7,7,189.00,0.06,46.45,Delivered,1243.62,440.86
3931,2024-07-07,163,2,3,8,189.00,0.10,25.94,Shipped,1360.80,482.40
3932,2024-03-30,195,5,3,6,410.00,0.04,39.23,Pending,2361.60,864.00
3933,2024-02-12,103,1,2,2,1299.00,0.18,52.61,Shipped,2130.36,605.16
3934,2024-01-11,134,8,1,2,24.00,0.08,62.53,Delivered,44.16,22.08
3935,2024-12-16,103,8,2,6,24.00,0.03,47.01,Pending,139.68,69.84
3936,2024-01-29,121,5,1,5,410.00,0.04,43.00,Shipped,1968.00,720.00
3937,2024-07-09,188,8,7,8,24.00,0.13,59.31,Shipped,167.04,83.52
3938,2024-02-12,172,1,6,2,1299.00,0.02,79.63,Shipped,2546.04,723.24
3939,2024-01-01,14,11,8,1,2450.00,0.15,48.23,Delivered,2082.50,595.00
3940,2024-01-15,186,3,1,6,430.00,0.01,37.41,Shipped,2554.20,891.00
3941,2024-08-30,42,11,4,3,2450.00,0.01,12.87,Pending,7276.50,2079.00
3942,2024-11-13,121,6,8,5,890.00,0.12,61.23,Pending,3916.00,1232.00
3943,2024-06-19,164,4,7,6,545.00,0.11,66.64,Shipped,2910.30,987.90
3944,2024-06-07,66,3,6,3,430.00,0.07,61.51,Pending,1199.70,418.50
3945,2024-05-12,172,11,3,1,2450.00,0.05,41.53,Shipped,2327.50,665.00
3946,2024-04-18,113,5,1,6,410.00,0.02,77.56,Shipped,2410.80,882.00
3947,2024-08-22,200,10,4,8,780.00,0.14,70.12,Shipped,5366.40,1926.40
3948,2024-10-20,198,11,8,7,2450.00,0.10,66.28,Delivered,15435.00,4410.00
3949,2024-01-03,136,6,6,8,890.00,0.14,71.01,Shipped,6123.20,1926.40
3950,2024-11-02,169,1,6,5,1299.00,0.11,40.54,Shipped,5780.55,1642.05
3951,2024-05-20,70,10,1,1,780.00,0.04,71.82,Shipped,748.80,268.80
3952,2024-07-24,44,5,1,6,410.00,0.08,31.38,Shipped,2263.20,828.00
3953,2024-11-12,148,9,7,4,18.00,0.03,39.29,Shipped,69.84,34.92
3954,2024-03-15,113,12,2,2,16.00,0.16,18.61,Cancelled,26.88,12.60
3955,2024-12-24,133,6,2,5,890.00,0.07,42.97,Shipped,4138.50,1302.00
3956,2024-10-10,172,12,6,4,16.00,0.15,17.58,Shipped,54.40,25.50
3957,2024-10-22,106,2,4,1,189.00,0.15,45.14,Pending,160.65,56.95
3958,2024-11-29,71,12,1,1,16.00,0.16,22.79,Delivered,13.44,6.30
3959,2024-05-15,40,6,8,3,890.00,0.00,74.16,Shipped,2670.00,840.00
3960,2024-03-24,148,9,8,2,18.00,0.13,22.29,Shipped,31.32,15.66
3961,2024-05-24,121,11,5,5,2450.00,0.08,40.22,Shipped,11270.00,3220.00
3962,2024-10-25,64,8,2,8,24.00,0.13,79.08,Pending,167.04,83.52
3963,2024-04-02,21,5,7,2,410.00,0.08,48.43,Shipped,754.40,276.00
3964,2024-05-18,89,3,3,7,430.00,0.08,80.82,Shipped,2769.20,966.00
3965,2024-09-14,133,11,8,8,2450.00,0.17,36.14,Shipped,16268.00,4648.00
3966,2024-09-19,67,8,5,2,24.00,0.04,12.31,Delivered,46.08,23.04
3967,2024-03-10,185,10,4,7,780.00,0.18,78.94,Pending,4477.20,1607.20
3968,2024-11-04,112,3,8,6,430.00,0.12,16.67,Pending,2270.40,792.00
3969,2024-04-16,65,7,4,1,640.00,0.02,73.34,Delivered,627.20,249.90
3970,2024-09-27,74,5,8,4,410.00,0.08,69.55,Shipped,1508.80,552.00
3971,2024-03-01,18,6,7,7,890.00,0.02,21.66,Delivered,6105.40,1920.80
3972,2024-02-01,120,1,7,6,1299.00,0.11,49.85,Delivered,6936.66,1970.46
3973,2024-04-28,27,7,1,3,640.00,0.13,44.81,Delivered,1670.40,665.55
3974,2024-05-03,64,1,4,8,1299.00,0.17,24.87,Delivered,8625.36,2450.16
3975,2024-11-29,184,8,2,7,24.00,0.11,23.82,Shipped,149.52,74.76
3976,2024-06-29,108,4,2,2,545.00,0.02,17.58,Shipped,1068.20,362.60
3977,2024-01-08,126,9,3,8,18.00,0.10,70.25,Delivered,129.60,64.80
3978,2024-08-01,20,6,5,6,890.00,0.11,49.28,Shipped,4752.60,1495.20
3979,2024-07-11,60,6,7,6,890.00,0.13,33.64,Shipped,4645.80,1461.60
3980,2024-01-15,43,11,3,6,2450.00,0.03,80.48,Delivered,14259.00,4074.00
3981,2024-09-24,181,9,7,7,18.00,0.11,78.53,Shipped,112.14,56.07
3982,2024-11-10,70,7,5,3,640.00,0.10,77.01,Cancelled,1728.00,688.50
3983,2024-09-29,74,8,1,6,24.00,0.03,29.71,Pending,139.68,69.84
3984,2024-12-11,43,10,8,2,780.00,0.14,67.09,Shipped,1341.60,481.60
3985,2024-03-22,5,4,7,7,545.00,0.09,83.55,Shipped,3471.65,1178.45
3986,2024-08-14,192,8,7,3,24.00,0.08,51.54,Pending,66.24,33.12
3987,2024-06-22,48,8,3,8,24.00,0.13,83.65,Delivered,167.04,83.52
3988,2024-03-17,2,9,8,8,18.00,0.10,72.67,Shipped,129.60,64.80
3989,2024-02-10,191,1,7,3,1299.00,0.12,28.61,Shipped,3429.36,974.16
3990,2024-11-22,163,6,6,8,890.00,0.04,77.02,Shipped,6835.20,2150.40
3991,2024-11-28,34,8,8,1,24.00,0.01,36.13,Shipped,23.76,11.88
3992,2024-07-01,181,10,8,4,780.00,0.01,21.19,Shipped,3088.80,1108.80
3993,2024-11-21,172,3,3,6,430.00,0.15,71.14,Delivered,2193.00,765.00
3994,2024-01-12,80,12,3,5,16.00,0.01,65.06,Shipped,79.20,37.12
3995,2024-06-24,87,5,7,4,410.00,0.18,70.09,Delivered,1344.80,492.00
3996,2024-08-22,167,1,5,2,1299.00,0.02,46.80,Shipped,2546.04,723.24
3997,2024-02-05,93,10,7,5,780.00,0.07,59.08,Shipped,3627.00,1302.00
3998,2024-07-19,88,7,1,5,640.00,0.17,32.33,Pending,2656.00,1058.25
3999,2024-05-15,192,11,7,8,2450.00,0.13,27.13,Delivered,17052.00,4872.00
4000,2024-11-15,19,12,3,5,16.00,0.10,36.11,Shipped,72.00,33.75
